[debug] [2026-03-26T12:11:12.099Z] ----------------------------------------------------------------------
[debug] [2026-03-26T12:11:12.101Z] Command:       /home/arain/.nvm/versions/node/v20.19.6/bin/node /home/arain/.nvm/versions/node/v20.19.6/bin/firebase deploy --only hosting,functions
[debug] [2026-03-26T12:11:12.102Z] CLI Version:   15.4.0
[debug] [2026-03-26T12:11:12.102Z] Platform:      linux
[debug] [2026-03-26T12:11:12.102Z] Node Version:  v20.19.6
[debug] [2026-03-26T12:11:12.102Z] Time:          Thu Mar 26 2026 15:11:12 GMT+0300 (GMT+03:00)
[debug] [2026-03-26T12:11:12.102Z] ----------------------------------------------------------------------
[debug] 
[debug] [2026-03-26T12:11:13.969Z] > command requires scopes: ["email","openid","https://www.googleapis.com/auth/cloudplatformprojects.readonly","https://www.googleapis.com/auth/firebase","https://www.googleapis.com/auth/cloud-platform"]
[debug] [2026-03-26T12:11:13.969Z] > authorizing via signed-in user (arainunger@gmail.com)
[debug] [2026-03-26T12:11:13.969Z] [iam] checking project sticky-dcd20 for permissions ["cloudfunctions.functions.create","cloudfunctions.functions.delete","cloudfunctions.functions.get","cloudfunctions.functions.list","cloudfunctions.functions.update","cloudfunctions.operations.get","firebase.projects.get","firebasehosting.sites.update"]
[debug] [2026-03-26T12:11:13.970Z] Checked if tokens are valid: false, expires at: 1774527739832
[debug] [2026-03-26T12:11:13.970Z] Checked if tokens are valid: false, expires at: 1774527739832
[debug] [2026-03-26T12:11:13.971Z] > refreshing access token with scopes: []
[debug] [2026-03-26T12:11:13.972Z] >>> [apiv2][query] POST https://www.googleapis.com/oauth2/v3/token [none]
[debug] [2026-03-26T12:11:13.972Z] >>> [apiv2][body] POST https://www.googleapis.com/oauth2/v3/token [omitted]
[debug] [2026-03-26T12:11:14.226Z] <<< [apiv2][status] POST https://www.googleapis.com/oauth2/v3/token 200
[debug] [2026-03-26T12:11:14.227Z] <<< [apiv2][body] POST https://www.googleapis.com/oauth2/v3/token [omitted]
[debug] [2026-03-26T12:11:14.231Z] >>> [apiv2][query] POST https://cloudresourcemanager.googleapis.com/v1/projects/sticky-dcd20:testIamPermissions [none]
[debug] [2026-03-26T12:11:14.231Z] >>> [apiv2][(partial)header] POST https://cloudresourcemanager.googleapis.com/v1/projects/sticky-dcd20:testIamPermissions x-goog-quota-user=projects/sticky-dcd20
[debug] [2026-03-26T12:11:14.231Z] >>> [apiv2][body] POST https://cloudresourcemanager.googleapis.com/v1/projects/sticky-dcd20:testIamPermissions {"permissions":["cloudfunctions.functions.create","cloudfunctions.functions.delete","cloudfunctions.functions.get","cloudfunctions.functions.list","cloudfunctions.functions.update","cloudfunctions.operations.get","firebase.projects.get","firebasehosting.sites.update"]}
[debug] [2026-03-26T12:11:15.244Z] <<< [apiv2][status] POST https://cloudresourcemanager.googleapis.com/v1/projects/sticky-dcd20:testIamPermissions 200
[debug] [2026-03-26T12:11:15.244Z] <<< [apiv2][body] POST https://cloudresourcemanager.googleapis.com/v1/projects/sticky-dcd20:testIamPermissions {"permissions":["cloudfunctions.functions.create","cloudfunctions.functions.delete","cloudfunctions.functions.get","cloudfunctions.functions.list","cloudfunctions.functions.update","cloudfunctions.operations.get","firebase.projects.get","firebasehosting.sites.update"]}
[debug] [2026-03-26T12:11:15.244Z] Checked if tokens are valid: true, expires at: 1774530673227
[debug] [2026-03-26T12:11:15.244Z] Checked if tokens are valid: true, expires at: 1774530673227
[debug] [2026-03-26T12:11:15.244Z] >>> [apiv2][query] POST https://iam.googleapis.com/v1/projects/sticky-dcd20/serviceAccounts/sticky-dcd20@appspot.gserviceaccount.com:testIamPermissions [none]
[debug] [2026-03-26T12:11:15.244Z] >>> [apiv2][body] POST https://iam.googleapis.com/v1/projects/sticky-dcd20/serviceAccounts/sticky-dcd20@appspot.gserviceaccount.com:testIamPermissions {"permissions":["iam.serviceAccounts.actAs"]}
[debug] [2026-03-26T12:11:16.261Z] <<< [apiv2][status] POST https://iam.googleapis.com/v1/projects/sticky-dcd20/serviceAccounts/sticky-dcd20@appspot.gserviceaccount.com:testIamPermissions 200
[debug] [2026-03-26T12:11:16.261Z] <<< [apiv2][body] POST https://iam.googleapis.com/v1/projects/sticky-dcd20/serviceAccounts/sticky-dcd20@appspot.gserviceaccount.com:testIamPermissions {"permissions":["iam.serviceAccounts.actAs"]}
[debug] [2026-03-26T12:11:16.262Z] Checked if tokens are valid: true, expires at: 1774530673227
[debug] [2026-03-26T12:11:16.262Z] Checked if tokens are valid: true, expires at: 1774530673227
[debug] [2026-03-26T12:11:16.262Z] >>> [apiv2][query] GET https://firebase.googleapis.com/v1beta1/projects/sticky-dcd20 [none]
[debug] [2026-03-26T12:11:16.741Z] <<< [apiv2][status] GET https://firebase.googleapis.com/v1beta1/projects/sticky-dcd20 200
[debug] [2026-03-26T12:11:16.742Z] <<< [apiv2][body] GET https://firebase.googleapis.com/v1beta1/projects/sticky-dcd20 {"projectId":"sticky-dcd20","projectNumber":"643314832062","displayName":"Sticky","name":"projects/sticky-dcd20","resources":{"hostingSite":"sticky-dcd20"},"state":"ACTIVE","etag":"1_26be994c-c5e4-4cdf-a500-5cb068e0029b"}
[info] 
[info] === Deploying to 'sticky-dcd20'...
[info] 
[info] i  deploying functions, hosting 
[debug] [2026-03-26T12:11:16.750Z] Checked if tokens are valid: true, expires at: 1774530673227
[debug] [2026-03-26T12:11:16.750Z] Checked if tokens are valid: true, expires at: 1774530673227
[debug] [2026-03-26T12:11:16.750Z] >>> [apiv2][query] GET https://cloudresourcemanager.googleapis.com/v1/projects/sticky-dcd20 [none]
[debug] [2026-03-26T12:11:16.975Z] <<< [apiv2][status] GET https://cloudresourcemanager.googleapis.com/v1/projects/sticky-dcd20 200
[debug] [2026-03-26T12:11:16.975Z] <<< [apiv2][body] GET https://cloudresourcemanager.googleapis.com/v1/projects/sticky-dcd20 {"projectNumber":"643314832062","projectId":"sticky-dcd20","lifecycleState":"ACTIVE","name":"Sticky","labels":{"firebase":"enabled","firebase-core":"disabled"},"createTime":"2026-01-12T14:20:54.031838Z"}
[info] i  functions: preparing codebase default for deployment 
[info] i  functions: ensuring required API cloudfunctions.googleapis.com is enabled... 
[info] i  functions: ensuring required API cloudbuild.googleapis.com is enabled... 
[info] i  artifactregistry: ensuring required API artifactregistry.googleapis.com is enabled... 
[debug] [2026-03-26T12:11:16.976Z] Checked if tokens are valid: true, expires at: 1774530673227
[debug] [2026-03-26T12:11:16.976Z] Checked if tokens are valid: true, expires at: 1774530673227
[debug] [2026-03-26T12:11:16.976Z] >>> [apiv2][query] GET https://firebase.googleapis.com/v1beta1/projects/sticky-dcd20/adminSdkConfig [none]
[debug] [2026-03-26T12:11:17.405Z] <<< [apiv2][status] GET https://firebase.googleapis.com/v1beta1/projects/sticky-dcd20/adminSdkConfig 200
[debug] [2026-03-26T12:11:17.405Z] <<< [apiv2][body] GET https://firebase.googleapis.com/v1beta1/projects/sticky-dcd20/adminSdkConfig {"projectId":"sticky-dcd20","storageBucket":"sticky-dcd20.firebasestorage.app"}
[debug] [2026-03-26T12:11:17.406Z] Checked if tokens are valid: true, expires at: 1774530673227
[debug] [2026-03-26T12:11:17.406Z] Checked if tokens are valid: true, expires at: 1774530673227
[debug] [2026-03-26T12:11:17.406Z] >>> [apiv2][query] GET https://runtimeconfig.googleapis.com/v1beta1/projects/sticky-dcd20/configs [none]
[debug] [2026-03-26T12:11:17.910Z] <<< [apiv2][status] GET https://runtimeconfig.googleapis.com/v1beta1/projects/sticky-dcd20/configs 200
[debug] [2026-03-26T12:11:17.910Z] <<< [apiv2][body] GET https://runtimeconfig.googleapis.com/v1beta1/projects/sticky-dcd20/configs {}
[debug] [2026-03-26T12:11:17.912Z] Validating nodejs source
[warn] ⚠  functions: Runtime Node.js 20 will be deprecated on 2026-04-30 and will be decommissioned on 2026-10-30, after which you will not be able to deploy without upgrading. Consider upgrading now to avoid disruption. See https://cloud.google.com/functions/docs/runtime-support for full details on the lifecycle policy 
[warn] ⚠  functions: package.json indicates an outdated version of firebase-functions. Please upgrade using npm install --save firebase-functions@latest in your functions directory. 
[debug] [2026-03-26T12:11:18.678Z] > [functions] package.json contents: {
  "name": "functions",
  "version": "1.0.0",
  "main": "index.js",
  "scripts": {
    "test": "echo \"Error: no test specified\" && exit 1"
  },
  "keywords": [],
  "author": "",
  "license": "ISC",
  "description": "",
  "dependencies": {
    "@google-cloud/vision": "^5.3.4",
    "firebase-admin": "^13.6.0",
    "firebase-functions": "^7.0.3",
    "node-fetch": "^2.7.0"
  }
}
[debug] [2026-03-26T12:11:18.678Z] Building nodejs source
[info] i  functions: Loading and analyzing source code for codebase default to determine what to deploy 
[debug] [2026-03-26T12:11:18.680Z] Could not find functions.yaml. Must use http discovery
[debug] [2026-03-26T12:11:18.685Z] Found firebase-functions binary at '/home/arain/Desktop/StickyApp/functions/node_modules/.bin/firebase-functions'
[info] Serving at port 8617

[debug] [2026-03-26T12:11:19.192Z] Got response from /__/functions.yaml {"endpoints":{"onStickerPackWrite":{"availableMemoryMb":null,"timeoutSeconds":null,"minInstances":null,"maxInstances":null,"ingressSettings":null,"concurrency":null,"serviceAccountEmail":null,"vpc":null,"platform":"gcfv2","region":["us-central1"],"labels":{},"eventTrigger":{"eventType":"google.cloud.firestore.document.v1.written","eventFilters":{"database":"(default)","namespace":"(default)"},"eventFilterPathPatterns":{"document":"stickers/{packId}"},"retry":false},"entryPoint":"onStickerPackWrite"},"onPremiumStickerPackWrite":{"availableMemoryMb":null,"timeoutSeconds":null,"minInstances":null,"maxInstances":null,"ingressSettings":null,"concurrency":null,"serviceAccountEmail":null,"vpc":null,"platform":"gcfv2","region":["us-central1"],"labels":{},"eventTrigger":{"eventType":"google.cloud.firestore.document.v1.written","eventFilters":{"database":"(default)","namespace":"(default)"},"eventFilterPathPatterns":{"document":"premium_stickers/{packId}"},"retry":false},"entryPoint":"onPremiumStickerPackWrite"},"onManualNotificationCreated":{"availableMemoryMb":null,"timeoutSeconds":null,"minInstances":null,"maxInstances":null,"ingressSettings":null,"concurrency":null,"serviceAccountEmail":null,"vpc":null,"platform":"gcfv2","region":["us-central1"],"labels":{},"eventTrigger":{"eventType":"google.cloud.firestore.document.v1.created","eventFilters":{"database":"(default)","namespace":"(default)"},"eventFilterPathPatterns":{"document":"notifications/{notifId}"},"retry":false},"entryPoint":"onManualNotificationCreated"},"giphyProxy":{"availableMemoryMb":null,"timeoutSeconds":null,"minInstances":null,"maxInstances":null,"ingressSettings":null,"concurrency":null,"serviceAccountEmail":null,"vpc":null,"platform":"gcfv2","region":["us-central1"],"labels":{},"httpsTrigger":{},"entryPoint":"giphyProxy"},"klipyProxy":{"availableMemoryMb":null,"timeoutSeconds":null,"minInstances":null,"maxInstances":null,"ingressSettings":null,"concurrency":null,"serviceAccountEmail":null,"vpc":null,"platform":"gcfv2","labels":{},"httpsTrigger":{},"entryPoint":"klipyProxy"},"telegramProxy":{"availableMemoryMb":null,"timeoutSeconds":null,"minInstances":null,"maxInstances":null,"ingressSettings":null,"concurrency":null,"serviceAccountEmail":null,"vpc":null,"platform":"gcfv2","labels":{},"httpsTrigger":{},"entryPoint":"telegramProxy"},"onUserSubmission":{"availableMemoryMb":null,"timeoutSeconds":null,"minInstances":null,"maxInstances":null,"ingressSettings":null,"concurrency":null,"serviceAccountEmail":null,"vpc":null,"platform":"gcfv2","region":["us-central1"],"labels":{},"eventTrigger":{"eventType":"google.cloud.firestore.document.v1.created","eventFilters":{"database":"(default)","namespace":"(default)"},"eventFilterPathPatterns":{"document":"user_submissions/{submissionId}"},"retry":false},"entryPoint":"onUserSubmission"},"onContentReport":{"availableMemoryMb":null,"timeoutSeconds":null,"minInstances":null,"maxInstances":null,"ingressSettings":null,"concurrency":null,"serviceAccountEmail":null,"vpc":null,"platform":"gcfv2","region":["us-central1"],"labels":{},"eventTrigger":{"eventType":"google.cloud.firestore.document.v1.created","eventFilters":{"database":"(default)","namespace":"(default)"},"eventFilterPathPatterns":{"document":"content_reports/{reportId}"},"retry":false},"entryPoint":"onContentReport"}},"specVersion":"v1alpha1","requiredAPIs":[],"extensions":{}}
[info] i  extensions: ensuring required API firebaseextensions.googleapis.com is enabled... 
[debug] [2026-03-26T12:11:29.223Z] > command requires scopes: ["email","openid","https://www.googleapis.com/auth/cloudplatformprojects.readonly","https://www.googleapis.com/auth/firebase","https://www.googleapis.com/auth/cloud-platform"]
[debug] [2026-03-26T12:11:29.224Z] > authorizing via signed-in user (arainunger@gmail.com)
[debug] [2026-03-26T12:11:29.224Z] [iam] checking project sticky-dcd20 for permissions ["firebase.projects.get","firebaseextensions.instances.list"]
[debug] [2026-03-26T12:11:29.224Z] Checked if tokens are valid: true, expires at: 1774530673227
[debug] [2026-03-26T12:11:29.224Z] Checked if tokens are valid: true, expires at: 1774530673227
[debug] [2026-03-26T12:11:29.224Z] >>> [apiv2][query] POST https://cloudresourcemanager.googleapis.com/v1/projects/sticky-dcd20:testIamPermissions [none]
[debug] [2026-03-26T12:11:29.224Z] >>> [apiv2][(partial)header] POST https://cloudresourcemanager.googleapis.com/v1/projects/sticky-dcd20:testIamPermissions x-goog-quota-user=projects/sticky-dcd20
[debug] [2026-03-26T12:11:29.224Z] >>> [apiv2][body] POST https://cloudresourcemanager.googleapis.com/v1/projects/sticky-dcd20:testIamPermissions {"permissions":["firebase.projects.get","firebaseextensions.instances.list"]}
[debug] [2026-03-26T12:11:30.280Z] <<< [apiv2][status] POST https://cloudresourcemanager.googleapis.com/v1/projects/sticky-dcd20:testIamPermissions 200
[debug] [2026-03-26T12:11:30.280Z] <<< [apiv2][body] POST https://cloudresourcemanager.googleapis.com/v1/projects/sticky-dcd20:testIamPermissions {"permissions":["firebase.projects.get","firebaseextensions.instances.list"]}
[debug] [2026-03-26T12:11:30.280Z] Checked if tokens are valid: true, expires at: 1774530673227
[debug] [2026-03-26T12:11:30.280Z] Checked if tokens are valid: true, expires at: 1774530673227
[debug] [2026-03-26T12:11:30.281Z] >>> [apiv2][query] GET https://firebaseextensions.googleapis.com/v1beta/projects/sticky-dcd20/instances pageSize=100&pageToken=
[debug] [2026-03-26T12:11:31.418Z] <<< [apiv2][status] GET https://firebaseextensions.googleapis.com/v1beta/projects/sticky-dcd20/instances 200
[debug] [2026-03-26T12:11:31.418Z] <<< [apiv2][body] GET https://firebaseextensions.googleapis.com/v1beta/projects/sticky-dcd20/instances {}
[info] i  functions: preparing functions directory for uploading... 
[info] i  functions: packaged /home/arain/Desktop/StickyApp/functions (43.85 KB) for uploading 
[debug] [2026-03-26T12:11:31.520Z] Checked if tokens are valid: true, expires at: 1774530673227
[debug] [2026-03-26T12:11:31.521Z] Checked if tokens are valid: true, expires at: 1774530673227
[debug] [2026-03-26T12:11:31.521Z] >>> [apiv2][query] GET https://cloudfunctions.googleapis.com/v1/projects/sticky-dcd20/locations/-/functions [none]
[debug] [2026-03-26T12:11:32.351Z] <<< [apiv2][status] GET https://cloudfunctions.googleapis.com/v1/projects/sticky-dcd20/locations/-/functions 200
[debug] [2026-03-26T12:11:32.351Z] <<< [apiv2][body] GET https://cloudfunctions.googleapis.com/v1/projects/sticky-dcd20/locations/-/functions {}
[debug] [2026-03-26T12:11:32.351Z] Checked if tokens are valid: true, expires at: 1774530673227
[debug] [2026-03-26T12:11:32.351Z] Checked if tokens are valid: true, expires at: 1774530673227
[debug] [2026-03-26T12:11:32.352Z] >>> [apiv2][query] GET https://cloudfunctions.googleapis.com/v2/projects/sticky-dcd20/locations/-/functions filter=environment%3D%22GEN_2%22
[debug] [2026-03-26T12:11:33.407Z] <<< [apiv2][status] GET https://cloudfunctions.googleapis.com/v2/projects/sticky-dcd20/locations/-/functions 200
[debug] [2026-03-26T12:11:33.407Z] <<< [apiv2][body] GET https://cloudfunctions.googleapis.com/v2/projects/sticky-dcd20/locations/-/functions {"functions":[{"name":"projects/sticky-dcd20/locations/us-central1/functions/onPremiumStickerPackWrite","buildConfig":{"build":"projects/643314832062/locations/us-central1/builds/d754b1d6-64c0-43f5-a6df-2709e643b368","runtime":"nodejs20","entryPoint":"onPremiumStickerPackWrite","source":{"storageSource":{"bucket":"gcf-v2-sources-643314832062-us-central1","object":"onPremiumStickerPackWrite/function-source.zip","generation":"1774525486791782"}},"environmentVariables":{"GOOGLE_NODE_RUN_SCRIPTS":""},"dockerRepository":"projects/sticky-dcd20/locations/us-central1/repositories/gcf-artifacts","sourceProvenance":{"resolvedStorageSource":{"bucket":"gcf-v2-sources-643314832062-us-central1","object":"onPremiumStickerPackWrite/function-source.zip","generation":"1774525486791782"}},"dockerRegistry":"ARTIFACT_REGISTRY","serviceAccount":"projects/sticky-dcd20/serviceAccounts/643314832062-compute@developer.gserviceaccount.com","automaticUpdatePolicy":{}},"serviceConfig":{"service":"projects/sticky-dcd20/locations/us-central1/services/onpremiumstickerpackwrite","timeoutSeconds":60,"environmentVariables":{"FIREBASE_CONFIG":"{\"projectId\":\"sticky-dcd20\",\"storageBucket\":\"sticky-dcd20.firebasestorage.app\"}","GCLOUD_PROJECT":"sticky-dcd20","EVENTARC_CLOUD_EVENT_SOURCE":"projects/sticky-dcd20/locations/us-central1/services/onPremiumStickerPackWrite","FUNCTION_SIGNATURE_TYPE":"cloudevent","FUNCTION_TARGET":"onPremiumStickerPackWrite","LOG_EXECUTION_ID":"true"},"maxInstanceCount":20,"ingressSettings":"ALLOW_ALL","uri":"https://onpremiumstickerpackwrite-esbyhf5csq-uc.a.run.app","serviceAccountEmail":"643314832062-compute@developer.gserviceaccount.com","availableMemory":"256Mi","allTrafficOnLatestRevision":true,"revision":"onpremiumstickerpackwrite-00002-vir","maxInstanceRequestConcurrency":80,"availableCpu":"1"},"eventTrigger":{"trigger":"projects/sticky-dcd20/locations/nam5/triggers/onpremiumstickerpackwrite-341490","triggerRegion":"nam5","eventType":"google.cloud.firestore.document.v1.written","eventFilters":[{"attribute":"document","value":"premium_stickers/{packId}","operator":"match-path-pattern"},{"attribute":"database","value":"(default)"},{"attribute":"namespace","value":"(default)"}],"pubsubTopic":"projects/sticky-dcd20/topics/eventarc-nam5-onpremiumstickerpackwrite-341490-317","serviceAccountEmail":"643314832062-compute@developer.gserviceaccount.com","retryPolicy":"RETRY_POLICY_DO_NOT_RETRY"},"state":"ACTIVE","updateTime":"2026-03-26T11:45:03.181989891Z","labels":{"firebase-functions-hash":"09b224daa3721c718e9ed5a055248eddd4ab247f","deployment-tool":"cli-firebase"},"environment":"GEN_2","url":"https://us-central1-sticky-dcd20.cloudfunctions.net/onPremiumStickerPackWrite","createTime":"2026-03-09T13:58:26.244391419Z","satisfiesPzi":true},{"name":"projects/sticky-dcd20/locations/us-central1/functions/onManualNotificationCreated","buildConfig":{"build":"projects/643314832062/locations/us-central1/builds/d754b1d6-64c0-43f5-a6df-2709e643b368","runtime":"nodejs20","entryPoint":"onManualNotificationCreated","source":{"storageSource":{"bucket":"gcf-v2-sources-643314832062-us-central1","object":"onManualNotificationCreated/function-source.zip","generation":"1774525486898761"}},"environmentVariables":{"GOOGLE_NODE_RUN_SCRIPTS":""},"dockerRepository":"projects/sticky-dcd20/locations/us-central1/repositories/gcf-artifacts","sourceProvenance":{"resolvedStorageSource":{"bucket":"gcf-v2-sources-643314832062-us-central1","object":"onManualNotificationCreated/function-source.zip","generation":"1774525486898761"}},"dockerRegistry":"ARTIFACT_REGISTRY","serviceAccount":"projects/sticky-dcd20/serviceAccounts/643314832062-compute@developer.gserviceaccount.com","automaticUpdatePolicy":{}},"serviceConfig":{"service":"projects/sticky-dcd20/locations/us-central1/services/onmanualnotificationcreated","timeoutSeconds":60,"environmentVariables":{"FIREBASE_CONFIG":"{\"projectId\":\"sticky-dcd20\",\"storageBucket\":\"sticky-dcd20.firebasestorage.app\"}","GCLOUD_PROJECT":"sticky-dcd20","EVENTARC_CLOUD_EVENT_SOURCE":"projects/sticky-dcd20/locations/us-central1/services/onManualNotificationCreated","FUNCTION_SIGNATURE_TYPE":"cloudevent","FUNCTION_TARGET":"onManualNotificationCreated","LOG_EXECUTION_ID":"true"},"maxInstanceCount":20,"ingressSettings":"ALLOW_ALL","uri":"https://onmanualnotificationcreated-esbyhf5csq-uc.a.run.app","serviceAccountEmail":"643314832062-compute@developer.gserviceaccount.com","availableMemory":"256Mi","allTrafficOnLatestRevision":true,"revision":"onmanualnotificationcreated-00012-zun","maxInstanceRequestConcurrency":80,"availableCpu":"1"},"eventTrigger":{"trigger":"projects/sticky-dcd20/locations/nam5/triggers/onmanualnotificationcreated-183182","triggerRegion":"nam5","eventType":"google.cloud.firestore.document.v1.created","eventFilters":[{"attribute":"namespace","value":"(default)"},{"attribute":"document","value":"notifications/{notifId}","operator":"match-path-pattern"},{"attribute":"database","value":"(default)"}],"pubsubTopic":"projects/sticky-dcd20/topics/eventarc-nam5-onmanualnotificationcreated-183182-102","serviceAccountEmail":"643314832062-compute@developer.gserviceaccount.com","retryPolicy":"RETRY_POLICY_DO_NOT_RETRY"},"state":"ACTIVE","updateTime":"2026-03-26T11:45:02.198708301Z","labels":{"firebase-functions-hash":"09b224daa3721c718e9ed5a055248eddd4ab247f","deployment-tool":"cli-firebase"},"environment":"GEN_2","url":"https://us-central1-sticky-dcd20.cloudfunctions.net/onManualNotificationCreated","createTime":"2026-01-25T12:33:00.444965317Z","satisfiesPzi":true},{"name":"projects/sticky-dcd20/locations/us-central1/functions/onContentReport","buildConfig":{"build":"projects/643314832062/locations/us-central1/builds/d754b1d6-64c0-43f5-a6df-2709e643b368","runtime":"nodejs20","entryPoint":"onContentReport","source":{"storageSource":{"bucket":"gcf-v2-sources-643314832062-us-central1","object":"onContentReport/function-source.zip","generation":"1774525486826060"}},"environmentVariables":{"GOOGLE_NODE_RUN_SCRIPTS":""},"dockerRepository":"projects/sticky-dcd20/locations/us-central1/repositories/gcf-artifacts","sourceProvenance":{"resolvedStorageSource":{"bucket":"gcf-v2-sources-643314832062-us-central1","object":"onContentReport/function-source.zip","generation":"1774525486826060"}},"dockerRegistry":"ARTIFACT_REGISTRY","serviceAccount":"projects/sticky-dcd20/serviceAccounts/643314832062-compute@developer.gserviceaccount.com","automaticUpdatePolicy":{}},"serviceConfig":{"service":"projects/sticky-dcd20/locations/us-central1/services/oncontentreport","timeoutSeconds":60,"environmentVariables":{"FIREBASE_CONFIG":"{\"projectId\":\"sticky-dcd20\",\"storageBucket\":\"sticky-dcd20.firebasestorage.app\"}","GCLOUD_PROJECT":"sticky-dcd20","EVENTARC_CLOUD_EVENT_SOURCE":"projects/sticky-dcd20/locations/us-central1/services/onContentReport","FUNCTION_SIGNATURE_TYPE":"cloudevent","FUNCTION_TARGET":"onContentReport","LOG_EXECUTION_ID":"true"},"maxInstanceCount":20,"ingressSettings":"ALLOW_ALL","uri":"https://oncontentreport-esbyhf5csq-uc.a.run.app","serviceAccountEmail":"643314832062-compute@developer.gserviceaccount.com","availableMemory":"256Mi","allTrafficOnLatestRevision":true,"revision":"oncontentreport-00002-cag","maxInstanceRequestConcurrency":80,"availableCpu":"1"},"eventTrigger":{"trigger":"projects/sticky-dcd20/locations/nam5/triggers/oncontentreport-625081","triggerRegion":"nam5","eventType":"google.cloud.firestore.document.v1.created","eventFilters":[{"attribute":"database","value":"(default)"},{"attribute":"namespace","value":"(default)"},{"attribute":"document","value":"content_reports/{reportId}","operator":"match-path-pattern"}],"pubsubTopic":"projects/sticky-dcd20/topics/eventarc-nam5-oncontentreport-625081-244","serviceAccountEmail":"643314832062-compute@developer.gserviceaccount.com","retryPolicy":"RETRY_POLICY_DO_NOT_RETRY"},"state":"ACTIVE","updateTime":"2026-03-26T11:45:01.448304868Z","labels":{"firebase-functions-hash":"09b224daa3721c718e9ed5a055248eddd4ab247f","deployment-tool":"cli-firebase"},"environment":"GEN_2","url":"https://us-central1-sticky-dcd20.cloudfunctions.net/onContentReport","createTime":"2026-03-09T13:58:25.737181461Z","satisfiesPzi":true},{"name":"projects/sticky-dcd20/locations/us-central1/functions/onStickerPackWrite","buildConfig":{"build":"projects/643314832062/locations/us-central1/builds/d754b1d6-64c0-43f5-a6df-2709e643b368","runtime":"nodejs20","entryPoint":"onStickerPackWrite","source":{"storageSource":{"bucket":"gcf-v2-sources-643314832062-us-central1","object":"onStickerPackWrite/function-source.zip","generation":"1774525367402150"}},"environmentVariables":{"GOOGLE_NODE_RUN_SCRIPTS":""},"dockerRepository":"projects/sticky-dcd20/locations/us-central1/repositories/gcf-artifacts","sourceProvenance":{"resolvedStorageSource":{"bucket":"gcf-v2-sources-643314832062-us-central1","object":"onStickerPackWrite/function-source.zip","generation":"1774525367402150"}},"dockerRegistry":"ARTIFACT_REGISTRY","serviceAccount":"projects/sticky-dcd20/serviceAccounts/643314832062-compute@developer.gserviceaccount.com","automaticUpdatePolicy":{}},"serviceConfig":{"service":"projects/sticky-dcd20/locations/us-central1/services/onstickerpackwrite","timeoutSeconds":60,"environmentVariables":{"FIREBASE_CONFIG":"{\"projectId\":\"sticky-dcd20\",\"storageBucket\":\"sticky-dcd20.firebasestorage.app\"}","GCLOUD_PROJECT":"sticky-dcd20","EVENTARC_CLOUD_EVENT_SOURCE":"projects/sticky-dcd20/locations/us-central1/services/onStickerPackWrite","FUNCTION_SIGNATURE_TYPE":"cloudevent","FUNCTION_TARGET":"onStickerPackWrite","LOG_EXECUTION_ID":"true"},"maxInstanceCount":20,"ingressSettings":"ALLOW_ALL","uri":"https://onstickerpackwrite-esbyhf5csq-uc.a.run.app","serviceAccountEmail":"643314832062-compute@developer.gserviceaccount.com","availableMemory":"256Mi","allTrafficOnLatestRevision":true,"revision":"onstickerpackwrite-00002-sux","maxInstanceRequestConcurrency":80,"availableCpu":"1"},"eventTrigger":{"trigger":"projects/sticky-dcd20/locations/nam5/triggers/onstickerpackwrite-653197","triggerRegion":"nam5","eventType":"google.cloud.firestore.document.v1.written","eventFilters":[{"attribute":"namespace","value":"(default)"},{"attribute":"document","value":"stickers/{packId}","operator":"match-path-pattern"},{"attribute":"database","value":"(default)"}],"pubsubTopic":"projects/sticky-dcd20/topics/eventarc-nam5-onstickerpackwrite-653197-536","serviceAccountEmail":"643314832062-compute@developer.gserviceaccount.com","retryPolicy":"RETRY_POLICY_DO_NOT_RETRY"},"state":"ACTIVE","updateTime":"2026-03-26T11:43:54.784459610Z","labels":{"deployment-tool":"cli-firebase","firebase-functions-hash":"09b224daa3721c718e9ed5a055248eddd4ab247f"},"environment":"GEN_2","url":"https://us-central1-sticky-dcd20.cloudfunctions.net/onStickerPackWrite","createTime":"2026-03-09T13:57:21.967942067Z","satisfiesPzi":true},{"name":"projects/sticky-dcd20/locations/us-central1/functions/klipyProxy","buildConfig":{"build":"projects/643314832062/locations/us-central1/builds/d754b1d6-64c0-43f5-a6df-2709e643b368","runtime":"nodejs20","entryPoint":"klipyProxy","source":{"storageSource":{"bucket":"gcf-v2-sources-643314832062-us-central1","object":"klipyProxy/function-source.zip","generation":"1774525486916853"}},"environmentVariables":{"GOOGLE_NODE_RUN_SCRIPTS":""},"dockerRepository":"projects/sticky-dcd20/locations/us-central1/repositories/gcf-artifacts","sourceProvenance":{"resolvedStorageSource":{"bucket":"gcf-v2-sources-643314832062-us-central1","object":"klipyProxy/function-source.zip","generation":"1774525486916853"}},"dockerRegistry":"ARTIFACT_REGISTRY","serviceAccount":"projects/sticky-dcd20/serviceAccounts/643314832062-compute@developer.gserviceaccount.com","automaticUpdatePolicy":{}},"serviceConfig":{"service":"projects/sticky-dcd20/locations/us-central1/services/klipyproxy","timeoutSeconds":60,"environmentVariables":{"FIREBASE_CONFIG":"{\"projectId\":\"sticky-dcd20\",\"storageBucket\":\"sticky-dcd20.firebasestorage.app\"}","GCLOUD_PROJECT":"sticky-dcd20","EVENTARC_CLOUD_EVENT_SOURCE":"projects/sticky-dcd20/locations/us-central1/services/klipyProxy","FUNCTION_TARGET":"klipyProxy","LOG_EXECUTION_ID":"true","FUNCTION_SIGNATURE_TYPE":"http"},"maxInstanceCount":20,"ingressSettings":"ALLOW_ALL","uri":"https://klipyproxy-esbyhf5csq-uc.a.run.app","serviceAccountEmail":"643314832062-compute@developer.gserviceaccount.com","availableMemory":"256Mi","allTrafficOnLatestRevision":true,"revision":"klipyproxy-00008-moy","maxInstanceRequestConcurrency":80,"availableCpu":"1"},"state":"ACTIVE","updateTime":"2026-03-26T11:45:02.232328694Z","labels":{"firebase-functions-hash":"09b224daa3721c718e9ed5a055248eddd4ab247f","deployment-tool":"cli-firebase"},"environment":"GEN_2","url":"https://us-central1-sticky-dcd20.cloudfunctions.net/klipyProxy","createTime":"2026-02-15T19:40:57.270656039Z","satisfiesPzi":true},{"name":"projects/sticky-dcd20/locations/us-central1/functions/giphyProxy","buildConfig":{"build":"projects/643314832062/locations/us-central1/builds/d754b1d6-64c0-43f5-a6df-2709e643b368","runtime":"nodejs20","entryPoint":"giphyProxy","source":{"storageSource":{"bucket":"gcf-v2-sources-643314832062-us-central1","object":"giphyProxy/function-source.zip","generation":"1774525486861776"}},"environmentVariables":{"GOOGLE_NODE_RUN_SCRIPTS":""},"dockerRepository":"projects/sticky-dcd20/locations/us-central1/repositories/gcf-artifacts","sourceProvenance":{"resolvedStorageSource":{"bucket":"gcf-v2-sources-643314832062-us-central1","object":"giphyProxy/function-source.zip","generation":"1774525486861776"}},"dockerRegistry":"ARTIFACT_REGISTRY","serviceAccount":"projects/sticky-dcd20/serviceAccounts/643314832062-compute@developer.gserviceaccount.com","automaticUpdatePolicy":{}},"serviceConfig":{"service":"projects/sticky-dcd20/locations/us-central1/services/giphyproxy","timeoutSeconds":60,"environmentVariables":{"FIREBASE_CONFIG":"{\"projectId\":\"sticky-dcd20\",\"storageBucket\":\"sticky-dcd20.firebasestorage.app\"}","GCLOUD_PROJECT":"sticky-dcd20","EVENTARC_CLOUD_EVENT_SOURCE":"projects/sticky-dcd20/locations/us-central1/services/giphyProxy","FUNCTION_TARGET":"giphyProxy","LOG_EXECUTION_ID":"true","FUNCTION_SIGNATURE_TYPE":"http"},"maxInstanceCount":20,"ingressSettings":"ALLOW_ALL","uri":"https://giphyproxy-esbyhf5csq-uc.a.run.app","serviceAccountEmail":"643314832062-compute@developer.gserviceaccount.com","availableMemory":"256Mi","allTrafficOnLatestRevision":true,"revision":"giphyproxy-00009-wom","maxInstanceRequestConcurrency":80,"availableCpu":"1"},"state":"ACTIVE","updateTime":"2026-03-26T11:45:02.995335939Z","labels":{"firebase-functions-hash":"09b224daa3721c718e9ed5a055248eddd4ab247f","deployment-tool":"cli-firebase"},"environment":"GEN_2","url":"https://us-central1-sticky-dcd20.cloudfunctions.net/giphyProxy","createTime":"2026-02-15T19:07:00.579117855Z","satisfiesPzi":true},{"name":"projects/sticky-dcd20/locations/us-central1/functions/onUserSubmission","buildConfig":{"build":"projects/643314832062/locations/us-central1/builds/d754b1d6-64c0-43f5-a6df-2709e643b368","runtime":"nodejs20","entryPoint":"onUserSubmission","source":{"storageSource":{"bucket":"gcf-v2-sources-643314832062-us-central1","object":"onUserSubmission/function-source.zip","generation":"1774525486811036"}},"environmentVariables":{"GOOGLE_NODE_RUN_SCRIPTS":""},"dockerRepository":"projects/sticky-dcd20/locations/us-central1/repositories/gcf-artifacts","sourceProvenance":{"resolvedStorageSource":{"bucket":"gcf-v2-sources-643314832062-us-central1","object":"onUserSubmission/function-source.zip","generation":"1774525486811036"}},"dockerRegistry":"ARTIFACT_REGISTRY","serviceAccount":"projects/sticky-dcd20/serviceAccounts/643314832062-compute@developer.gserviceaccount.com","automaticUpdatePolicy":{}},"serviceConfig":{"service":"projects/sticky-dcd20/locations/us-central1/services/onusersubmission","timeoutSeconds":60,"environmentVariables":{"FIREBASE_CONFIG":"{\"projectId\":\"sticky-dcd20\",\"storageBucket\":\"sticky-dcd20.firebasestorage.app\"}","GCLOUD_PROJECT":"sticky-dcd20","EVENTARC_CLOUD_EVENT_SOURCE":"projects/sticky-dcd20/locations/us-central1/services/onUserSubmission","FUNCTION_SIGNATURE_TYPE":"cloudevent","FUNCTION_TARGET":"onUserSubmission","LOG_EXECUTION_ID":"true"},"maxInstanceCount":20,"ingressSettings":"ALLOW_ALL","uri":"https://onusersubmission-esbyhf5csq-uc.a.run.app","serviceAccountEmail":"643314832062-compute@developer.gserviceaccount.com","availableMemory":"256Mi","allTrafficOnLatestRevision":true,"revision":"onusersubmission-00002-buf","maxInstanceRequestConcurrency":80,"availableCpu":"1"},"eventTrigger":{"trigger":"projects/sticky-dcd20/locations/nam5/triggers/onusersubmission-241090","triggerRegion":"nam5","eventType":"google.cloud.firestore.document.v1.created","eventFilters":[{"attribute":"database","value":"(default)"},{"attribute":"namespace","value":"(default)"},{"attribute":"document","value":"user_submissions/{submissionId}","operator":"match-path-pattern"}],"pubsubTopic":"projects/sticky-dcd20/topics/eventarc-nam5-onusersubmission-241090-771","serviceAccountEmail":"643314832062-compute@developer.gserviceaccount.com","retryPolicy":"RETRY_POLICY_DO_NOT_RETRY"},"state":"ACTIVE","updateTime":"2026-03-26T11:45:03.758280560Z","labels":{"deployment-tool":"cli-firebase","firebase-functions-hash":"09b224daa3721c718e9ed5a055248eddd4ab247f"},"environment":"GEN_2","url":"https://us-central1-sticky-dcd20.cloudfunctions.net/onUserSubmission","createTime":"2026-03-09T13:58:25.746193087Z","satisfiesPzi":true},{"name":"projects/sticky-dcd20/locations/us-central1/functions/telegramProxy","buildConfig":{"build":"projects/643314832062/locations/us-central1/builds/d754b1d6-64c0-43f5-a6df-2709e643b368","runtime":"nodejs20","entryPoint":"telegramProxy","source":{"storageSource":{"bucket":"gcf-v2-sources-643314832062-us-central1","object":"telegramProxy/function-source.zip","generation":"1774525486849178"}},"environmentVariables":{"GOOGLE_NODE_RUN_SCRIPTS":""},"dockerRepository":"projects/sticky-dcd20/locations/us-central1/repositories/gcf-artifacts","sourceProvenance":{"resolvedStorageSource":{"bucket":"gcf-v2-sources-643314832062-us-central1","object":"telegramProxy/function-source.zip","generation":"1774525486849178"}},"dockerRegistry":"ARTIFACT_REGISTRY","serviceAccount":"projects/sticky-dcd20/serviceAccounts/643314832062-compute@developer.gserviceaccount.com","automaticUpdatePolicy":{}},"serviceConfig":{"service":"projects/sticky-dcd20/locations/us-central1/services/telegramproxy","timeoutSeconds":60,"environmentVariables":{"FIREBASE_CONFIG":"{\"projectId\":\"sticky-dcd20\",\"storageBucket\":\"sticky-dcd20.firebasestorage.app\"}","GCLOUD_PROJECT":"sticky-dcd20","EVENTARC_CLOUD_EVENT_SOURCE":"projects/sticky-dcd20/locations/us-central1/services/telegramProxy","FUNCTION_TARGET":"telegramProxy","LOG_EXECUTION_ID":"true","FUNCTION_SIGNATURE_TYPE":"http"},"maxInstanceCount":20,"ingressSettings":"ALLOW_ALL","uri":"https://telegramproxy-esbyhf5csq-uc.a.run.app","serviceAccountEmail":"643314832062-compute@developer.gserviceaccount.com","availableMemory":"256Mi","allTrafficOnLatestRevision":true,"revision":"telegramproxy-00003-did","maxInstanceRequestConcurrency":80,"availableCpu":"1"},"state":"ACTIVE","updateTime":"2026-03-26T11:45:02.805884099Z","labels":{"firebase-functions-hash":"09b224daa3721c718e9ed5a055248eddd4ab247f","deployment-tool":"cli-firebase"},"environment":"GEN_2","url":"https://us-central1-sticky-dcd20.cloudfunctions.net/telegramProxy","createTime":"2026-03-02T09:19:20.107754660Z","satisfiesPzi":true}]}
[debug] [2026-03-26T12:11:33.409Z] Checked if tokens are valid: true, expires at: 1774530673227
[debug] [2026-03-26T12:11:33.409Z] Checked if tokens are valid: true, expires at: 1774530673227
[debug] [2026-03-26T12:11:33.409Z] >>> [apiv2][query] GET https://firestore.googleapis.com/v1/projects/sticky-dcd20/databases/(default) [none]
[debug] [2026-03-26T12:11:34.473Z] <<< [apiv2][status] GET https://firestore.googleapis.com/v1/projects/sticky-dcd20/databases/(default) 200
[debug] [2026-03-26T12:11:34.473Z] <<< [apiv2][body] GET https://firestore.googleapis.com/v1/projects/sticky-dcd20/databases/(default) {"name":"projects/sticky-dcd20/databases/(default)","uid":"1e6099fb-14e9-4e42-ae4f-b3e27734095c","createTime":"2026-01-12T19:31:19.630554Z","updateTime":"2026-01-12T19:31:19.630554Z","locationId":"nam5","type":"FIRESTORE_NATIVE","concurrencyMode":"PESSIMISTIC","versionRetentionPeriod":"3600s","earliestVersionTime":"2026-03-26T11:11:34.380665Z","appEngineIntegrationMode":"DISABLED","keyPrefix":"s","pointInTimeRecoveryEnablement":"POINT_IN_TIME_RECOVERY_DISABLED","deleteProtectionState":"DELETE_PROTECTION_DISABLED","databaseEdition":"STANDARD","freeTier":true,"realtimeUpdatesMode":"REALTIME_UPDATES_MODE_ENABLED","etag":"ILms68jEvZMDMLbhhaak5pID"}
[info] i  functions: ensuring required API run.googleapis.com is enabled... 
[info] i  functions: ensuring required API eventarc.googleapis.com is enabled... 
[info] i  functions: ensuring required API pubsub.googleapis.com is enabled... 
[info] i  functions: ensuring required API storage.googleapis.com is enabled... 
[info] i  functions: generating the service identity for pubsub.googleapis.com... 
[debug] [2026-03-26T12:11:34.475Z] Checked if tokens are valid: true, expires at: 1774530673227
[debug] [2026-03-26T12:11:34.476Z] Checked if tokens are valid: true, expires at: 1774530673227
[info] i  functions: generating the service identity for eventarc.googleapis.com... 
[debug] [2026-03-26T12:11:34.476Z] Checked if tokens are valid: true, expires at: 1774530673227
[debug] [2026-03-26T12:11:34.476Z] Checked if tokens are valid: true, expires at: 1774530673227
[debug] [2026-03-26T12:11:34.476Z] >>> [apiv2][query] POST https://serviceusage.googleapis.com/v1beta1/projects/643314832062/services/pubsub.googleapis.com:generateServiceIdentity [none]
[debug] [2026-03-26T12:11:34.476Z] >>> [apiv2][(partial)header] POST https://serviceusage.googleapis.com/v1beta1/projects/643314832062/services/pubsub.googleapis.com:generateServiceIdentity x-goog-quota-user=projects/643314832062
[debug] [2026-03-26T12:11:34.476Z] >>> [apiv2][body] POST https://serviceusage.googleapis.com/v1beta1/projects/643314832062/services/pubsub.googleapis.com:generateServiceIdentity {}
[debug] [2026-03-26T12:11:34.478Z] >>> [apiv2][query] POST https://serviceusage.googleapis.com/v1beta1/projects/643314832062/services/eventarc.googleapis.com:generateServiceIdentity [none]
[debug] [2026-03-26T12:11:34.478Z] >>> [apiv2][(partial)header] POST https://serviceusage.googleapis.com/v1beta1/projects/643314832062/services/eventarc.googleapis.com:generateServiceIdentity x-goog-quota-user=projects/643314832062
[debug] [2026-03-26T12:11:34.478Z] >>> [apiv2][body] POST https://serviceusage.googleapis.com/v1beta1/projects/643314832062/services/eventarc.googleapis.com:generateServiceIdentity {}
[debug] [2026-03-26T12:11:35.673Z] <<< [apiv2][status] POST https://serviceusage.googleapis.com/v1beta1/projects/643314832062/services/pubsub.googleapis.com:generateServiceIdentity 200
[debug] [2026-03-26T12:11:35.673Z] <<< [apiv2][body] POST https://serviceusage.googleapis.com/v1beta1/projects/643314832062/services/pubsub.googleapis.com:generateServiceIdentity {"name":"operations/finished.DONE_OPERATION","done":true,"response":{"@type":"type.googleapis.com/google.api.serviceusage.v1beta1.ServiceIdentity","email":"service-643314832062@gcp-sa-pubsub.iam.gserviceaccount.com","uniqueId":"112697461697098975226"}}
[debug] [2026-03-26T12:11:35.709Z] <<< [apiv2][status] POST https://serviceusage.googleapis.com/v1beta1/projects/643314832062/services/eventarc.googleapis.com:generateServiceIdentity 200
[debug] [2026-03-26T12:11:35.709Z] <<< [apiv2][body] POST https://serviceusage.googleapis.com/v1beta1/projects/643314832062/services/eventarc.googleapis.com:generateServiceIdentity {"name":"operations/finished.DONE_OPERATION","done":true,"response":{"@type":"type.googleapis.com/google.api.serviceusage.v1beta1.ServiceIdentity","email":"service-643314832062@gcp-sa-eventarc.iam.gserviceaccount.com","uniqueId":"103754886411605661717"}}
[debug] [2026-03-26T12:11:35.711Z] Checked if tokens are valid: true, expires at: 1774530673227
[debug] [2026-03-26T12:11:35.711Z] Checked if tokens are valid: true, expires at: 1774530673227
[debug] [2026-03-26T12:11:35.711Z] >>> [apiv2][query] GET https://cloudresourcemanager.googleapis.com/v1/projects/sticky-dcd20 [none]
[debug] [2026-03-26T12:11:36.066Z] <<< [apiv2][status] GET https://cloudresourcemanager.googleapis.com/v1/projects/sticky-dcd20 200
[debug] [2026-03-26T12:11:36.066Z] <<< [apiv2][body] GET https://cloudresourcemanager.googleapis.com/v1/projects/sticky-dcd20 {"projectNumber":"643314832062","projectId":"sticky-dcd20","lifecycleState":"ACTIVE","name":"Sticky","labels":{"firebase":"enabled","firebase-core":"disabled"},"createTime":"2026-01-12T14:20:54.031838Z"}
[debug] [2026-03-26T12:11:36.067Z] Checked if tokens are valid: true, expires at: 1774530673227
[debug] [2026-03-26T12:11:36.067Z] Checked if tokens are valid: true, expires at: 1774530673227
[debug] [2026-03-26T12:11:36.067Z] >>> [apiv2][query] GET https://compute.googleapis.com/compute/v1/projects/643314832062 [none]
[debug] [2026-03-26T12:11:36.459Z] <<< [apiv2][status] GET https://compute.googleapis.com/compute/v1/projects/643314832062 403
[debug] [2026-03-26T12:11:36.460Z] <<< [apiv2][body] GET https://compute.googleapis.com/compute/v1/projects/643314832062 {"error":{"code":403,"message":"Compute Engine API has not been used in project 643314832062 before or it is disabled. Enable it by visiting https://console.developers.google.com/apis/api/compute.googleapis.com/overview?project=643314832062 then retry. If you enabled this API recently, wait a few minutes for the action to propagate to our systems and retry.","errors":[{"message":"Compute Engine API has not been used in project 643314832062 before or it is disabled. Enable it by visiting https://console.developers.google.com/apis/api/compute.googleapis.com/overview?project=643314832062 then retry. If you enabled this API recently, wait a few minutes for the action to propagate to our systems and retry.","domain":"usageLimits","reason":"accessNotConfigured","extendedHelp":"https://console.developers.google.com"}],"status":"PERMISSION_DENIED","details":[{"@type":"type.googleapis.com/google.rpc.ErrorInfo","reason":"SERVICE_DISABLED","domain":"googleapis.com","metadata":{"consumer":"projects/643314832062","service":"compute.googleapis.com","containerInfo":"643314832062","activationUrl":"https://console.developers.google.com/apis/api/compute.googleapis.com/overview?project=643314832062","serviceTitle":"Compute Engine API"}},{"@type":"type.googleapis.com/google.rpc.LocalizedMessage","locale":"en-US","message":"Compute Engine API has not been used in project 643314832062 before or it is disabled. Enable it by visiting https://console.developers.google.com/apis/api/compute.googleapis.com/overview?project=643314832062 then retry. If you enabled this API recently, wait a few minutes for the action to propagate to our systems and retry."},{"@type":"type.googleapis.com/google.rpc.Help","links":[{"description":"Google developers console API activation","url":"https://console.developers.google.com/apis/api/compute.googleapis.com/overview?project=643314832062"}]}]}}
[debug] [2026-03-26T12:11:36.460Z] unable to look up default compute service account. Falling back to 643314832062-compute@developer.gserviceaccount.com. Error: {"name":"FirebaseError","children":[],"context":{"body":{"error":{"code":403,"message":"Compute Engine API has not been used in project 643314832062 before or it is disabled. Enable it by visiting https://console.developers.google.com/apis/api/compute.googleapis.com/overview?project=643314832062 then retry. If you enabled this API recently, wait a few minutes for the action to propagate to our systems and retry.","errors":[{"message":"Compute Engine API has not been used in project 643314832062 before or it is disabled. Enable it by visiting https://console.developers.google.com/apis/api/compute.googleapis.com/overview?project=643314832062 then retry. If you enabled this API recently, wait a few minutes for the action to propagate to our systems and retry.","domain":"usageLimits","reason":"accessNotConfigured","extendedHelp":"https://console.developers.google.com"}],"status":"PERMISSION_DENIED","details":[{"@type":"type.googleapis.com/google.rpc.ErrorInfo","reason":"SERVICE_DISABLED","domain":"googleapis.com","metadata":{"consumer":"projects/643314832062","service":"compute.googleapis.com","containerInfo":"643314832062","activationUrl":"https://console.developers.google.com/apis/api/compute.googleapis.com/overview?project=643314832062","serviceTitle":"Compute Engine API"}},{"@type":"type.googleapis.com/google.rpc.LocalizedMessage","locale":"en-US","message":"Compute Engine API has not been used in project 643314832062 before or it is disabled. Enable it by visiting https://console.developers.google.com/apis/api/compute.googleapis.com/overview?project=643314832062 then retry. If you enabled this API recently, wait a few minutes for the action to propagate to our systems and retry."},{"@type":"type.googleapis.com/google.rpc.Help","links":[{"description":"Google developers console API activation","url":"https://console.developers.google.com/apis/api/compute.googleapis.com/overview?project=643314832062"}]}]}},"response":{"statusCode":403}},"exit":1,"message":"Request to https://compute.googleapis.com/compute/v1/projects/643314832062 had HTTP Error: 403, Compute Engine API has not been used in project 643314832062 before or it is disabled. Enable it by visiting https://console.developers.google.com/apis/api/compute.googleapis.com/overview?project=643314832062 then retry. If you enabled this API recently, wait a few minutes for the action to propagate to our systems and retry.","status":403}
[debug] [2026-03-26T12:11:36.460Z] Checked if tokens are valid: true, expires at: 1774530673227
[debug] [2026-03-26T12:11:36.460Z] Checked if tokens are valid: true, expires at: 1774530673227
[debug] [2026-03-26T12:11:36.460Z] >>> [apiv2][query] GET https://compute.googleapis.com/compute/v1/projects/643314832062 [none]
[debug] [2026-03-26T12:11:36.679Z] <<< [apiv2][status] GET https://compute.googleapis.com/compute/v1/projects/643314832062 403
[debug] [2026-03-26T12:11:36.679Z] <<< [apiv2][body] GET https://compute.googleapis.com/compute/v1/projects/643314832062 {"error":{"code":403,"message":"Compute Engine API has not been used in project 643314832062 before or it is disabled. Enable it by visiting https://console.developers.google.com/apis/api/compute.googleapis.com/overview?project=643314832062 then retry. If you enabled this API recently, wait a few minutes for the action to propagate to our systems and retry.","errors":[{"message":"Compute Engine API has not been used in project 643314832062 before or it is disabled. Enable it by visiting https://console.developers.google.com/apis/api/compute.googleapis.com/overview?project=643314832062 then retry. If you enabled this API recently, wait a few minutes for the action to propagate to our systems and retry.","domain":"usageLimits","reason":"accessNotConfigured","extendedHelp":"https://console.developers.google.com"}],"status":"PERMISSION_DENIED","details":[{"@type":"type.googleapis.com/google.rpc.ErrorInfo","reason":"SERVICE_DISABLED","domain":"googleapis.com","metadata":{"service":"compute.googleapis.com","serviceTitle":"Compute Engine API","consumer":"projects/643314832062","activationUrl":"https://console.developers.google.com/apis/api/compute.googleapis.com/overview?project=643314832062","containerInfo":"643314832062"}},{"@type":"type.googleapis.com/google.rpc.LocalizedMessage","locale":"en-US","message":"Compute Engine API has not been used in project 643314832062 before or it is disabled. Enable it by visiting https://console.developers.google.com/apis/api/compute.googleapis.com/overview?project=643314832062 then retry. If you enabled this API recently, wait a few minutes for the action to propagate to our systems and retry."},{"@type":"type.googleapis.com/google.rpc.Help","links":[{"description":"Google developers console API activation","url":"https://console.developers.google.com/apis/api/compute.googleapis.com/overview?project=643314832062"}]}]}}
[debug] [2026-03-26T12:11:36.680Z] unable to look up default compute service account. Falling back to 643314832062-compute@developer.gserviceaccount.com. Error: {"name":"FirebaseError","children":[],"context":{"body":{"error":{"code":403,"message":"Compute Engine API has not been used in project 643314832062 before or it is disabled. Enable it by visiting https://console.developers.google.com/apis/api/compute.googleapis.com/overview?project=643314832062 then retry. If you enabled this API recently, wait a few minutes for the action to propagate to our systems and retry.","errors":[{"message":"Compute Engine API has not been used in project 643314832062 before or it is disabled. Enable it by visiting https://console.developers.google.com/apis/api/compute.googleapis.com/overview?project=643314832062 then retry. If you enabled this API recently, wait a few minutes for the action to propagate to our systems and retry.","domain":"usageLimits","reason":"accessNotConfigured","extendedHelp":"https://console.developers.google.com"}],"status":"PERMISSION_DENIED","details":[{"@type":"type.googleapis.com/google.rpc.ErrorInfo","reason":"SERVICE_DISABLED","domain":"googleapis.com","metadata":{"service":"compute.googleapis.com","serviceTitle":"Compute Engine API","consumer":"projects/643314832062","activationUrl":"https://console.developers.google.com/apis/api/compute.googleapis.com/overview?project=643314832062","containerInfo":"643314832062"}},{"@type":"type.googleapis.com/google.rpc.LocalizedMessage","locale":"en-US","message":"Compute Engine API has not been used in project 643314832062 before or it is disabled. Enable it by visiting https://console.developers.google.com/apis/api/compute.googleapis.com/overview?project=643314832062 then retry. If you enabled this API recently, wait a few minutes for the action to propagate to our systems and retry."},{"@type":"type.googleapis.com/google.rpc.Help","links":[{"description":"Google developers console API activation","url":"https://console.developers.google.com/apis/api/compute.googleapis.com/overview?project=643314832062"}]}]}},"response":{"statusCode":403}},"exit":1,"message":"Request to https://compute.googleapis.com/compute/v1/projects/643314832062 had HTTP Error: 403, Compute Engine API has not been used in project 643314832062 before or it is disabled. Enable it by visiting https://console.developers.google.com/apis/api/compute.googleapis.com/overview?project=643314832062 then retry. If you enabled this API recently, wait a few minutes for the action to propagate to our systems and retry.","status":403}
[debug] [2026-03-26T12:11:36.680Z] Checked if tokens are valid: true, expires at: 1774530673227
[debug] [2026-03-26T12:11:36.680Z] Checked if tokens are valid: true, expires at: 1774530673227
[debug] [2026-03-26T12:11:36.680Z] >>> [apiv2][query] GET https://compute.googleapis.com/compute/v1/projects/643314832062 [none]
[debug] [2026-03-26T12:11:36.899Z] <<< [apiv2][status] GET https://compute.googleapis.com/compute/v1/projects/643314832062 403
[debug] [2026-03-26T12:11:36.900Z] <<< [apiv2][body] GET https://compute.googleapis.com/compute/v1/projects/643314832062 {"error":{"code":403,"message":"Compute Engine API has not been used in project 643314832062 before or it is disabled. Enable it by visiting https://console.developers.google.com/apis/api/compute.googleapis.com/overview?project=643314832062 then retry. If you enabled this API recently, wait a few minutes for the action to propagate to our systems and retry.","errors":[{"message":"Compute Engine API has not been used in project 643314832062 before or it is disabled. Enable it by visiting https://console.developers.google.com/apis/api/compute.googleapis.com/overview?project=643314832062 then retry. If you enabled this API recently, wait a few minutes for the action to propagate to our systems and retry.","domain":"usageLimits","reason":"accessNotConfigured","extendedHelp":"https://console.developers.google.com"}],"status":"PERMISSION_DENIED","details":[{"@type":"type.googleapis.com/google.rpc.ErrorInfo","reason":"SERVICE_DISABLED","domain":"googleapis.com","metadata":{"consumer":"projects/643314832062","containerInfo":"643314832062","service":"compute.googleapis.com","activationUrl":"https://console.developers.google.com/apis/api/compute.googleapis.com/overview?project=643314832062","serviceTitle":"Compute Engine API"}},{"@type":"type.googleapis.com/google.rpc.LocalizedMessage","locale":"en-US","message":"Compute Engine API has not been used in project 643314832062 before or it is disabled. Enable it by visiting https://console.developers.google.com/apis/api/compute.googleapis.com/overview?project=643314832062 then retry. If you enabled this API recently, wait a few minutes for the action to propagate to our systems and retry."},{"@type":"type.googleapis.com/google.rpc.Help","links":[{"description":"Google developers console API activation","url":"https://console.developers.google.com/apis/api/compute.googleapis.com/overview?project=643314832062"}]}]}}
[debug] [2026-03-26T12:11:36.900Z] unable to look up default compute service account. Falling back to 643314832062-compute@developer.gserviceaccount.com. Error: {"name":"FirebaseError","children":[],"context":{"body":{"error":{"code":403,"message":"Compute Engine API has not been used in project 643314832062 before or it is disabled. Enable it by visiting https://console.developers.google.com/apis/api/compute.googleapis.com/overview?project=643314832062 then retry. If you enabled this API recently, wait a few minutes for the action to propagate to our systems and retry.","errors":[{"message":"Compute Engine API has not been used in project 643314832062 before or it is disabled. Enable it by visiting https://console.developers.google.com/apis/api/compute.googleapis.com/overview?project=643314832062 then retry. If you enabled this API recently, wait a few minutes for the action to propagate to our systems and retry.","domain":"usageLimits","reason":"accessNotConfigured","extendedHelp":"https://console.developers.google.com"}],"status":"PERMISSION_DENIED","details":[{"@type":"type.googleapis.com/google.rpc.ErrorInfo","reason":"SERVICE_DISABLED","domain":"googleapis.com","metadata":{"consumer":"projects/643314832062","containerInfo":"643314832062","service":"compute.googleapis.com","activationUrl":"https://console.developers.google.com/apis/api/compute.googleapis.com/overview?project=643314832062","serviceTitle":"Compute Engine API"}},{"@type":"type.googleapis.com/google.rpc.LocalizedMessage","locale":"en-US","message":"Compute Engine API has not been used in project 643314832062 before or it is disabled. Enable it by visiting https://console.developers.google.com/apis/api/compute.googleapis.com/overview?project=643314832062 then retry. If you enabled this API recently, wait a few minutes for the action to propagate to our systems and retry."},{"@type":"type.googleapis.com/google.rpc.Help","links":[{"description":"Google developers console API activation","url":"https://console.developers.google.com/apis/api/compute.googleapis.com/overview?project=643314832062"}]}]}},"response":{"statusCode":403}},"exit":1,"message":"Request to https://compute.googleapis.com/compute/v1/projects/643314832062 had HTTP Error: 403, Compute Engine API has not been used in project 643314832062 before or it is disabled. Enable it by visiting https://console.developers.google.com/apis/api/compute.googleapis.com/overview?project=643314832062 then retry. If you enabled this API recently, wait a few minutes for the action to propagate to our systems and retry.","status":403}
[debug] [2026-03-26T12:11:36.900Z] Checked if tokens are valid: true, expires at: 1774530673227
[debug] [2026-03-26T12:11:36.900Z] Checked if tokens are valid: true, expires at: 1774530673227
[debug] [2026-03-26T12:11:36.900Z] >>> [apiv2][query] GET https://compute.googleapis.com/compute/v1/projects/643314832062 [none]
[debug] [2026-03-26T12:11:37.112Z] <<< [apiv2][status] GET https://compute.googleapis.com/compute/v1/projects/643314832062 403
[debug] [2026-03-26T12:11:37.113Z] <<< [apiv2][body] GET https://compute.googleapis.com/compute/v1/projects/643314832062 {"error":{"code":403,"message":"Compute Engine API has not been used in project 643314832062 before or it is disabled. Enable it by visiting https://console.developers.google.com/apis/api/compute.googleapis.com/overview?project=643314832062 then retry. If you enabled this API recently, wait a few minutes for the action to propagate to our systems and retry.","errors":[{"message":"Compute Engine API has not been used in project 643314832062 before or it is disabled. Enable it by visiting https://console.developers.google.com/apis/api/compute.googleapis.com/overview?project=643314832062 then retry. If you enabled this API recently, wait a few minutes for the action to propagate to our systems and retry.","domain":"usageLimits","reason":"accessNotConfigured","extendedHelp":"https://console.developers.google.com"}],"status":"PERMISSION_DENIED","details":[{"@type":"type.googleapis.com/google.rpc.ErrorInfo","reason":"SERVICE_DISABLED","domain":"googleapis.com","metadata":{"service":"compute.googleapis.com","consumer":"projects/643314832062","serviceTitle":"Compute Engine API","containerInfo":"643314832062","activationUrl":"https://console.developers.google.com/apis/api/compute.googleapis.com/overview?project=643314832062"}},{"@type":"type.googleapis.com/google.rpc.LocalizedMessage","locale":"en-US","message":"Compute Engine API has not been used in project 643314832062 before or it is disabled. Enable it by visiting https://console.developers.google.com/apis/api/compute.googleapis.com/overview?project=643314832062 then retry. If you enabled this API recently, wait a few minutes for the action to propagate to our systems and retry."},{"@type":"type.googleapis.com/google.rpc.Help","links":[{"description":"Google developers console API activation","url":"https://console.developers.google.com/apis/api/compute.googleapis.com/overview?project=643314832062"}]}]}}
[debug] [2026-03-26T12:11:37.113Z] unable to look up default compute service account. Falling back to 643314832062-compute@developer.gserviceaccount.com. Error: {"name":"FirebaseError","children":[],"context":{"body":{"error":{"code":403,"message":"Compute Engine API has not been used in project 643314832062 before or it is disabled. Enable it by visiting https://console.developers.google.com/apis/api/compute.googleapis.com/overview?project=643314832062 then retry. If you enabled this API recently, wait a few minutes for the action to propagate to our systems and retry.","errors":[{"message":"Compute Engine API has not been used in project 643314832062 before or it is disabled. Enable it by visiting https://console.developers.google.com/apis/api/compute.googleapis.com/overview?project=643314832062 then retry. If you enabled this API recently, wait a few minutes for the action to propagate to our systems and retry.","domain":"usageLimits","reason":"accessNotConfigured","extendedHelp":"https://console.developers.google.com"}],"status":"PERMISSION_DENIED","details":[{"@type":"type.googleapis.com/google.rpc.ErrorInfo","reason":"SERVICE_DISABLED","domain":"googleapis.com","metadata":{"service":"compute.googleapis.com","consumer":"projects/643314832062","serviceTitle":"Compute Engine API","containerInfo":"643314832062","activationUrl":"https://console.developers.google.com/apis/api/compute.googleapis.com/overview?project=643314832062"}},{"@type":"type.googleapis.com/google.rpc.LocalizedMessage","locale":"en-US","message":"Compute Engine API has not been used in project 643314832062 before or it is disabled. Enable it by visiting https://console.developers.google.com/apis/api/compute.googleapis.com/overview?project=643314832062 then retry. If you enabled this API recently, wait a few minutes for the action to propagate to our systems and retry."},{"@type":"type.googleapis.com/google.rpc.Help","links":[{"description":"Google developers console API activation","url":"https://console.developers.google.com/apis/api/compute.googleapis.com/overview?project=643314832062"}]}]}},"response":{"statusCode":403}},"exit":1,"message":"Request to https://compute.googleapis.com/compute/v1/projects/643314832062 had HTTP Error: 403, Compute Engine API has not been used in project 643314832062 before or it is disabled. Enable it by visiting https://console.developers.google.com/apis/api/compute.googleapis.com/overview?project=643314832062 then retry. If you enabled this API recently, wait a few minutes for the action to propagate to our systems and retry.","status":403}
[debug] [2026-03-26T12:11:37.113Z] Checked if tokens are valid: true, expires at: 1774530673227
[debug] [2026-03-26T12:11:37.113Z] Checked if tokens are valid: true, expires at: 1774530673227
[debug] [2026-03-26T12:11:37.113Z] >>> [apiv2][query] GET https://compute.googleapis.com/compute/v1/projects/643314832062 [none]
[debug] [2026-03-26T12:11:37.353Z] <<< [apiv2][status] GET https://compute.googleapis.com/compute/v1/projects/643314832062 403
[debug] [2026-03-26T12:11:37.353Z] <<< [apiv2][body] GET https://compute.googleapis.com/compute/v1/projects/643314832062 {"error":{"code":403,"message":"Compute Engine API has not been used in project 643314832062 before or it is disabled. Enable it by visiting https://console.developers.google.com/apis/api/compute.googleapis.com/overview?project=643314832062 then retry. If you enabled this API recently, wait a few minutes for the action to propagate to our systems and retry.","errors":[{"message":"Compute Engine API has not been used in project 643314832062 before or it is disabled. Enable it by visiting https://console.developers.google.com/apis/api/compute.googleapis.com/overview?project=643314832062 then retry. If you enabled this API recently, wait a few minutes for the action to propagate to our systems and retry.","domain":"usageLimits","reason":"accessNotConfigured","extendedHelp":"https://console.developers.google.com"}],"status":"PERMISSION_DENIED","details":[{"@type":"type.googleapis.com/google.rpc.ErrorInfo","reason":"SERVICE_DISABLED","domain":"googleapis.com","metadata":{"consumer":"projects/643314832062","activationUrl":"https://console.developers.google.com/apis/api/compute.googleapis.com/overview?project=643314832062","service":"compute.googleapis.com","serviceTitle":"Compute Engine API","containerInfo":"643314832062"}},{"@type":"type.googleapis.com/google.rpc.LocalizedMessage","locale":"en-US","message":"Compute Engine API has not been used in project 643314832062 before or it is disabled. Enable it by visiting https://console.developers.google.com/apis/api/compute.googleapis.com/overview?project=643314832062 then retry. If you enabled this API recently, wait a few minutes for the action to propagate to our systems and retry."},{"@type":"type.googleapis.com/google.rpc.Help","links":[{"description":"Google developers console API activation","url":"https://console.developers.google.com/apis/api/compute.googleapis.com/overview?project=643314832062"}]}]}}
[debug] [2026-03-26T12:11:37.353Z] unable to look up default compute service account. Falling back to 643314832062-compute@developer.gserviceaccount.com. Error: {"name":"FirebaseError","children":[],"context":{"body":{"error":{"code":403,"message":"Compute Engine API has not been used in project 643314832062 before or it is disabled. Enable it by visiting https://console.developers.google.com/apis/api/compute.googleapis.com/overview?project=643314832062 then retry. If you enabled this API recently, wait a few minutes for the action to propagate to our systems and retry.","errors":[{"message":"Compute Engine API has not been used in project 643314832062 before or it is disabled. Enable it by visiting https://console.developers.google.com/apis/api/compute.googleapis.com/overview?project=643314832062 then retry. If you enabled this API recently, wait a few minutes for the action to propagate to our systems and retry.","domain":"usageLimits","reason":"accessNotConfigured","extendedHelp":"https://console.developers.google.com"}],"status":"PERMISSION_DENIED","details":[{"@type":"type.googleapis.com/google.rpc.ErrorInfo","reason":"SERVICE_DISABLED","domain":"googleapis.com","metadata":{"consumer":"projects/643314832062","activationUrl":"https://console.developers.google.com/apis/api/compute.googleapis.com/overview?project=643314832062","service":"compute.googleapis.com","serviceTitle":"Compute Engine API","containerInfo":"643314832062"}},{"@type":"type.googleapis.com/google.rpc.LocalizedMessage","locale":"en-US","message":"Compute Engine API has not been used in project 643314832062 before or it is disabled. Enable it by visiting https://console.developers.google.com/apis/api/compute.googleapis.com/overview?project=643314832062 then retry. If you enabled this API recently, wait a few minutes for the action to propagate to our systems and retry."},{"@type":"type.googleapis.com/google.rpc.Help","links":[{"description":"Google developers console API activation","url":"https://console.developers.google.com/apis/api/compute.googleapis.com/overview?project=643314832062"}]}]}},"response":{"statusCode":403}},"exit":1,"message":"Request to https://compute.googleapis.com/compute/v1/projects/643314832062 had HTTP Error: 403, Compute Engine API has not been used in project 643314832062 before or it is disabled. Enable it by visiting https://console.developers.google.com/apis/api/compute.googleapis.com/overview?project=643314832062 then retry. If you enabled this API recently, wait a few minutes for the action to propagate to our systems and retry.","status":403}
[debug] [2026-03-26T12:11:37.353Z] Checked if tokens are valid: true, expires at: 1774530673227
[debug] [2026-03-26T12:11:37.354Z] Checked if tokens are valid: true, expires at: 1774530673227
[debug] [2026-03-26T12:11:37.354Z] >>> [apiv2][query] GET https://compute.googleapis.com/compute/v1/projects/643314832062 [none]
[debug] [2026-03-26T12:11:37.579Z] <<< [apiv2][status] GET https://compute.googleapis.com/compute/v1/projects/643314832062 403
[debug] [2026-03-26T12:11:37.579Z] <<< [apiv2][body] GET https://compute.googleapis.com/compute/v1/projects/643314832062 {"error":{"code":403,"message":"Compute Engine API has not been used in project 643314832062 before or it is disabled. Enable it by visiting https://console.developers.google.com/apis/api/compute.googleapis.com/overview?project=643314832062 then retry. If you enabled this API recently, wait a few minutes for the action to propagate to our systems and retry.","errors":[{"message":"Compute Engine API has not been used in project 643314832062 before or it is disabled. Enable it by visiting https://console.developers.google.com/apis/api/compute.googleapis.com/overview?project=643314832062 then retry. If you enabled this API recently, wait a few minutes for the action to propagate to our systems and retry.","domain":"usageLimits","reason":"accessNotConfigured","extendedHelp":"https://console.developers.google.com"}],"status":"PERMISSION_DENIED","details":[{"@type":"type.googleapis.com/google.rpc.ErrorInfo","reason":"SERVICE_DISABLED","domain":"googleapis.com","metadata":{"consumer":"projects/643314832062","containerInfo":"643314832062","activationUrl":"https://console.developers.google.com/apis/api/compute.googleapis.com/overview?project=643314832062","serviceTitle":"Compute Engine API","service":"compute.googleapis.com"}},{"@type":"type.googleapis.com/google.rpc.LocalizedMessage","locale":"en-US","message":"Compute Engine API has not been used in project 643314832062 before or it is disabled. Enable it by visiting https://console.developers.google.com/apis/api/compute.googleapis.com/overview?project=643314832062 then retry. If you enabled this API recently, wait a few minutes for the action to propagate to our systems and retry."},{"@type":"type.googleapis.com/google.rpc.Help","links":[{"description":"Google developers console API activation","url":"https://console.developers.google.com/apis/api/compute.googleapis.com/overview?project=643314832062"}]}]}}
[debug] [2026-03-26T12:11:37.579Z] unable to look up default compute service account. Falling back to 643314832062-compute@developer.gserviceaccount.com. Error: {"name":"FirebaseError","children":[],"context":{"body":{"error":{"code":403,"message":"Compute Engine API has not been used in project 643314832062 before or it is disabled. Enable it by visiting https://console.developers.google.com/apis/api/compute.googleapis.com/overview?project=643314832062 then retry. If you enabled this API recently, wait a few minutes for the action to propagate to our systems and retry.","errors":[{"message":"Compute Engine API has not been used in project 643314832062 before or it is disabled. Enable it by visiting https://console.developers.google.com/apis/api/compute.googleapis.com/overview?project=643314832062 then retry. If you enabled this API recently, wait a few minutes for the action to propagate to our systems and retry.","domain":"usageLimits","reason":"accessNotConfigured","extendedHelp":"https://console.developers.google.com"}],"status":"PERMISSION_DENIED","details":[{"@type":"type.googleapis.com/google.rpc.ErrorInfo","reason":"SERVICE_DISABLED","domain":"googleapis.com","metadata":{"consumer":"projects/643314832062","containerInfo":"643314832062","activationUrl":"https://console.developers.google.com/apis/api/compute.googleapis.com/overview?project=643314832062","serviceTitle":"Compute Engine API","service":"compute.googleapis.com"}},{"@type":"type.googleapis.com/google.rpc.LocalizedMessage","locale":"en-US","message":"Compute Engine API has not been used in project 643314832062 before or it is disabled. Enable it by visiting https://console.developers.google.com/apis/api/compute.googleapis.com/overview?project=643314832062 then retry. If you enabled this API recently, wait a few minutes for the action to propagate to our systems and retry."},{"@type":"type.googleapis.com/google.rpc.Help","links":[{"description":"Google developers console API activation","url":"https://console.developers.google.com/apis/api/compute.googleapis.com/overview?project=643314832062"}]}]}},"response":{"statusCode":403}},"exit":1,"message":"Request to https://compute.googleapis.com/compute/v1/projects/643314832062 had HTTP Error: 403, Compute Engine API has not been used in project 643314832062 before or it is disabled. Enable it by visiting https://console.developers.google.com/apis/api/compute.googleapis.com/overview?project=643314832062 then retry. If you enabled this API recently, wait a few minutes for the action to propagate to our systems and retry.","status":403}
[debug] [2026-03-26T12:11:37.580Z] Checked if tokens are valid: true, expires at: 1774530673227
[debug] [2026-03-26T12:11:37.580Z] Checked if tokens are valid: true, expires at: 1774530673227
[debug] [2026-03-26T12:11:37.580Z] >>> [apiv2][query] GET https://compute.googleapis.com/compute/v1/projects/643314832062 [none]
[debug] [2026-03-26T12:11:37.801Z] <<< [apiv2][status] GET https://compute.googleapis.com/compute/v1/projects/643314832062 403
[debug] [2026-03-26T12:11:37.801Z] <<< [apiv2][body] GET https://compute.googleapis.com/compute/v1/projects/643314832062 {"error":{"code":403,"message":"Compute Engine API has not been used in project 643314832062 before or it is disabled. Enable it by visiting https://console.developers.google.com/apis/api/compute.googleapis.com/overview?project=643314832062 then retry. If you enabled this API recently, wait a few minutes for the action to propagate to our systems and retry.","errors":[{"message":"Compute Engine API has not been used in project 643314832062 before or it is disabled. Enable it by visiting https://console.developers.google.com/apis/api/compute.googleapis.com/overview?project=643314832062 then retry. If you enabled this API recently, wait a few minutes for the action to propagate to our systems and retry.","domain":"usageLimits","reason":"accessNotConfigured","extendedHelp":"https://console.developers.google.com"}],"status":"PERMISSION_DENIED","details":[{"@type":"type.googleapis.com/google.rpc.ErrorInfo","reason":"SERVICE_DISABLED","domain":"googleapis.com","metadata":{"consumer":"projects/643314832062","containerInfo":"643314832062","activationUrl":"https://console.developers.google.com/apis/api/compute.googleapis.com/overview?project=643314832062","service":"compute.googleapis.com","serviceTitle":"Compute Engine API"}},{"@type":"type.googleapis.com/google.rpc.LocalizedMessage","locale":"en-US","message":"Compute Engine API has not been used in project 643314832062 before or it is disabled. Enable it by visiting https://console.developers.google.com/apis/api/compute.googleapis.com/overview?project=643314832062 then retry. If you enabled this API recently, wait a few minutes for the action to propagate to our systems and retry."},{"@type":"type.googleapis.com/google.rpc.Help","links":[{"description":"Google developers console API activation","url":"https://console.developers.google.com/apis/api/compute.googleapis.com/overview?project=643314832062"}]}]}}
[debug] [2026-03-26T12:11:37.801Z] unable to look up default compute service account. Falling back to 643314832062-compute@developer.gserviceaccount.com. Error: {"name":"FirebaseError","children":[],"context":{"body":{"error":{"code":403,"message":"Compute Engine API has not been used in project 643314832062 before or it is disabled. Enable it by visiting https://console.developers.google.com/apis/api/compute.googleapis.com/overview?project=643314832062 then retry. If you enabled this API recently, wait a few minutes for the action to propagate to our systems and retry.","errors":[{"message":"Compute Engine API has not been used in project 643314832062 before or it is disabled. Enable it by visiting https://console.developers.google.com/apis/api/compute.googleapis.com/overview?project=643314832062 then retry. If you enabled this API recently, wait a few minutes for the action to propagate to our systems and retry.","domain":"usageLimits","reason":"accessNotConfigured","extendedHelp":"https://console.developers.google.com"}],"status":"PERMISSION_DENIED","details":[{"@type":"type.googleapis.com/google.rpc.ErrorInfo","reason":"SERVICE_DISABLED","domain":"googleapis.com","metadata":{"consumer":"projects/643314832062","containerInfo":"643314832062","activationUrl":"https://console.developers.google.com/apis/api/compute.googleapis.com/overview?project=643314832062","service":"compute.googleapis.com","serviceTitle":"Compute Engine API"}},{"@type":"type.googleapis.com/google.rpc.LocalizedMessage","locale":"en-US","message":"Compute Engine API has not been used in project 643314832062 before or it is disabled. Enable it by visiting https://console.developers.google.com/apis/api/compute.googleapis.com/overview?project=643314832062 then retry. If you enabled this API recently, wait a few minutes for the action to propagate to our systems and retry."},{"@type":"type.googleapis.com/google.rpc.Help","links":[{"description":"Google developers console API activation","url":"https://console.developers.google.com/apis/api/compute.googleapis.com/overview?project=643314832062"}]}]}},"response":{"statusCode":403}},"exit":1,"message":"Request to https://compute.googleapis.com/compute/v1/projects/643314832062 had HTTP Error: 403, Compute Engine API has not been used in project 643314832062 before or it is disabled. Enable it by visiting https://console.developers.google.com/apis/api/compute.googleapis.com/overview?project=643314832062 then retry. If you enabled this API recently, wait a few minutes for the action to propagate to our systems and retry.","status":403}
[debug] [2026-03-26T12:11:37.801Z] Checked if tokens are valid: true, expires at: 1774530673227
[debug] [2026-03-26T12:11:37.801Z] Checked if tokens are valid: true, expires at: 1774530673227
[debug] [2026-03-26T12:11:37.802Z] >>> [apiv2][query] GET https://compute.googleapis.com/compute/v1/projects/643314832062 [none]
[debug] [2026-03-26T12:11:38.006Z] <<< [apiv2][status] GET https://compute.googleapis.com/compute/v1/projects/643314832062 403
[debug] [2026-03-26T12:11:38.007Z] <<< [apiv2][body] GET https://compute.googleapis.com/compute/v1/projects/643314832062 {"error":{"code":403,"message":"Compute Engine API has not been used in project 643314832062 before or it is disabled. Enable it by visiting https://console.developers.google.com/apis/api/compute.googleapis.com/overview?project=643314832062 then retry. If you enabled this API recently, wait a few minutes for the action to propagate to our systems and retry.","errors":[{"message":"Compute Engine API has not been used in project 643314832062 before or it is disabled. Enable it by visiting https://console.developers.google.com/apis/api/compute.googleapis.com/overview?project=643314832062 then retry. If you enabled this API recently, wait a few minutes for the action to propagate to our systems and retry.","domain":"usageLimits","reason":"accessNotConfigured","extendedHelp":"https://console.developers.google.com"}],"status":"PERMISSION_DENIED","details":[{"@type":"type.googleapis.com/google.rpc.ErrorInfo","reason":"SERVICE_DISABLED","domain":"googleapis.com","metadata":{"consumer":"projects/643314832062","containerInfo":"643314832062","activationUrl":"https://console.developers.google.com/apis/api/compute.googleapis.com/overview?project=643314832062","service":"compute.googleapis.com","serviceTitle":"Compute Engine API"}},{"@type":"type.googleapis.com/google.rpc.LocalizedMessage","locale":"en-US","message":"Compute Engine API has not been used in project 643314832062 before or it is disabled. Enable it by visiting https://console.developers.google.com/apis/api/compute.googleapis.com/overview?project=643314832062 then retry. If you enabled this API recently, wait a few minutes for the action to propagate to our systems and retry."},{"@type":"type.googleapis.com/google.rpc.Help","links":[{"description":"Google developers console API activation","url":"https://console.developers.google.com/apis/api/compute.googleapis.com/overview?project=643314832062"}]}]}}
[debug] [2026-03-26T12:11:38.007Z] unable to look up default compute service account. Falling back to 643314832062-compute@developer.gserviceaccount.com. Error: {"name":"FirebaseError","children":[],"context":{"body":{"error":{"code":403,"message":"Compute Engine API has not been used in project 643314832062 before or it is disabled. Enable it by visiting https://console.developers.google.com/apis/api/compute.googleapis.com/overview?project=643314832062 then retry. If you enabled this API recently, wait a few minutes for the action to propagate to our systems and retry.","errors":[{"message":"Compute Engine API has not been used in project 643314832062 before or it is disabled. Enable it by visiting https://console.developers.google.com/apis/api/compute.googleapis.com/overview?project=643314832062 then retry. If you enabled this API recently, wait a few minutes for the action to propagate to our systems and retry.","domain":"usageLimits","reason":"accessNotConfigured","extendedHelp":"https://console.developers.google.com"}],"status":"PERMISSION_DENIED","details":[{"@type":"type.googleapis.com/google.rpc.ErrorInfo","reason":"SERVICE_DISABLED","domain":"googleapis.com","metadata":{"consumer":"projects/643314832062","containerInfo":"643314832062","activationUrl":"https://console.developers.google.com/apis/api/compute.googleapis.com/overview?project=643314832062","service":"compute.googleapis.com","serviceTitle":"Compute Engine API"}},{"@type":"type.googleapis.com/google.rpc.LocalizedMessage","locale":"en-US","message":"Compute Engine API has not been used in project 643314832062 before or it is disabled. Enable it by visiting https://console.developers.google.com/apis/api/compute.googleapis.com/overview?project=643314832062 then retry. If you enabled this API recently, wait a few minutes for the action to propagate to our systems and retry."},{"@type":"type.googleapis.com/google.rpc.Help","links":[{"description":"Google developers console API activation","url":"https://console.developers.google.com/apis/api/compute.googleapis.com/overview?project=643314832062"}]}]}},"response":{"statusCode":403}},"exit":1,"message":"Request to https://compute.googleapis.com/compute/v1/projects/643314832062 had HTTP Error: 403, Compute Engine API has not been used in project 643314832062 before or it is disabled. Enable it by visiting https://console.developers.google.com/apis/api/compute.googleapis.com/overview?project=643314832062 then retry. If you enabled this API recently, wait a few minutes for the action to propagate to our systems and retry.","status":403}
[debug] [2026-03-26T12:11:38.010Z] Checked if tokens are valid: true, expires at: 1774530673227
[debug] [2026-03-26T12:11:38.010Z] Checked if tokens are valid: true, expires at: 1774530673227
[debug] [2026-03-26T12:11:38.012Z] Checked if tokens are valid: true, expires at: 1774530673227
[debug] [2026-03-26T12:11:38.012Z] Checked if tokens are valid: true, expires at: 1774530673227
[debug] [2026-03-26T12:11:38.012Z] >>> [apiv2][query] POST https://firebasehosting.googleapis.com/v1beta1/projects/-/sites/sticky-dcd20/versions [none]
[debug] [2026-03-26T12:11:38.013Z] >>> [apiv2][body] POST https://firebasehosting.googleapis.com/v1beta1/projects/-/sites/sticky-dcd20/versions {"status":"CREATED","labels":{"deployment-tool":"cli-firebase"}}
[debug] [2026-03-26T12:11:38.014Z] >>> [apiv2][query] POST https://firebasehosting.googleapis.com/v1beta1/projects/-/sites/sticky-privacy-legal/versions [none]
[debug] [2026-03-26T12:11:38.014Z] >>> [apiv2][body] POST https://firebasehosting.googleapis.com/v1beta1/projects/-/sites/sticky-privacy-legal/versions {"status":"CREATED","labels":{"deployment-tool":"cli-firebase"}}
[debug] [2026-03-26T12:11:40.021Z] <<< [apiv2][status] POST https://firebasehosting.googleapis.com/v1beta1/projects/-/sites/sticky-privacy-legal/versions 200
[debug] [2026-03-26T12:11:40.021Z] <<< [apiv2][body] POST https://firebasehosting.googleapis.com/v1beta1/projects/-/sites/sticky-privacy-legal/versions {"name":"projects/643314832062/sites/sticky-privacy-legal/versions/4a8e5590a6f0045b","status":"CREATED","config":{},"labels":{"deployment-tool":"cli-firebase"}}
[debug] [2026-03-26T12:11:40.507Z] <<< [apiv2][status] POST https://firebasehosting.googleapis.com/v1beta1/projects/-/sites/sticky-dcd20/versions 200
[debug] [2026-03-26T12:11:40.507Z] <<< [apiv2][body] POST https://firebasehosting.googleapis.com/v1beta1/projects/-/sites/sticky-dcd20/versions {"name":"projects/643314832062/sites/sticky-dcd20/versions/e7915a31ee448397","status":"CREATED","config":{},"labels":{"deployment-tool":"cli-firebase"}}
[debug] [2026-03-26T12:11:40.508Z] Checked if tokens are valid: true, expires at: 1774530673227
[debug] [2026-03-26T12:11:40.509Z] Checked if tokens are valid: true, expires at: 1774530673227
[debug] [2026-03-26T12:11:40.509Z] >>> [apiv2][query] GET https://cloudbilling.googleapis.com/v1/projects/sticky-dcd20/billingInfo [none]
[debug] [2026-03-26T12:11:41.378Z] <<< [apiv2][status] GET https://cloudbilling.googleapis.com/v1/projects/sticky-dcd20/billingInfo 200
[debug] [2026-03-26T12:11:41.378Z] <<< [apiv2][body] GET https://cloudbilling.googleapis.com/v1/projects/sticky-dcd20/billingInfo {"name":"projects/sticky-dcd20/billingInfo","projectId":"sticky-dcd20","billingAccountName":"billingAccounts/013759-4957BB-53B02E","billingEnabled":true}
[debug] [2026-03-26T12:11:41.379Z] Checked if tokens are valid: true, expires at: 1774530673227
[debug] [2026-03-26T12:11:41.379Z] Checked if tokens are valid: true, expires at: 1774530673227
[debug] [2026-03-26T12:11:41.380Z] >>> [apiv2][query] POST https://cloudfunctions.googleapis.com/v2/projects/sticky-dcd20/locations/us-central1/functions:generateUploadUrl [none]
[debug] [2026-03-26T12:11:41.850Z] <<< [apiv2][status] POST https://cloudfunctions.googleapis.com/v2/projects/sticky-dcd20/locations/us-central1/functions:generateUploadUrl 200
[debug] [2026-03-26T12:11:41.850Z] <<< [apiv2][body] POST https://cloudfunctions.googleapis.com/v2/projects/sticky-dcd20/locations/us-central1/functions:generateUploadUrl {"uploadUrl":"https://storage.googleapis.com/gcf-v2-uploads-643314832062.us-central1.cloudfunctions.appspot.com/66bfc1ad-e2b7-4eee-87c1-02760ca4c5bf.zip?GoogleAccessId=service-643314832062@gcf-admin-robot.iam.gserviceaccount.com&Expires=1774528901&Signature=VqHWKHH6cCd52pip8L8uMMDuxceS27oyaf%2Bd84DRYxBjQrCd97HYaJdlA5ny4ZwmyZZGN6NNykR0IlPnbeopNpHkMMB8vzhsBcWVxhTcVFe3Y7tx09f1LKWpJb9vkYNjcmo1%2FJnl%2FZVfI1RUFo7GRTCsDKFPWHy06uAbup8oHJy7Vm7CfBWlBDucQZQwvRB8A0AvkLySh%2F8xOfsUW4ZUIw7tR%2Fw7eW5O1xberhr1ZGl5klvaVvjDbaOROn1s3rdcIbue9uKHegOQNKLVHDedlTGkYPbeDsqxAjE8d3m4ge67EIlagwEeJmMnlmn8I%2BTwaRZYrNHC8RIc2DQ9g79uTQ%3D%3D","storageSource":{"bucket":"gcf-v2-uploads-643314832062.us-central1.cloudfunctions.appspot.com","object":"66bfc1ad-e2b7-4eee-87c1-02760ca4c5bf.zip"}}
[debug] [2026-03-26T12:11:41.851Z] >>> [apiv2][query] PUT https://storage.googleapis.com/gcf-v2-uploads-643314832062.us-central1.cloudfunctions.appspot.com/66bfc1ad-e2b7-4eee-87c1-02760ca4c5bf.zip GoogleAccessId=service-643314832062%40gcf-admin-robot.iam.gserviceaccount.com&Expires=1774528901&Signature=VqHWKHH6cCd52pip8L8uMMDuxceS27oyaf%2Bd84DRYxBjQrCd97HYaJdlA5ny4ZwmyZZGN6NNykR0IlPnbeopNpHkMMB8vzhsBcWVxhTcVFe3Y7tx09f1LKWpJb9vkYNjcmo1%2FJnl%2FZVfI1RUFo7GRTCsDKFPWHy06uAbup8oHJy7Vm7CfBWlBDucQZQwvRB8A0AvkLySh%2F8xOfsUW4ZUIw7tR%2Fw7eW5O1xberhr1ZGl5klvaVvjDbaOROn1s3rdcIbue9uKHegOQNKLVHDedlTGkYPbeDsqxAjE8d3m4ge67EIlagwEeJmMnlmn8I%2BTwaRZYrNHC8RIc2DQ9g79uTQ%3D%3D
[debug] [2026-03-26T12:11:41.851Z] >>> [apiv2][body] PUT https://storage.googleapis.com/gcf-v2-uploads-643314832062.us-central1.cloudfunctions.appspot.com/66bfc1ad-e2b7-4eee-87c1-02760ca4c5bf.zip [stream]
[debug] [2026-03-26T12:11:42.545Z] <<< [apiv2][status] PUT https://storage.googleapis.com/gcf-v2-uploads-643314832062.us-central1.cloudfunctions.appspot.com/66bfc1ad-e2b7-4eee-87c1-02760ca4c5bf.zip 200
[debug] [2026-03-26T12:11:42.545Z] <<< [apiv2][body] PUT https://storage.googleapis.com/gcf-v2-uploads-643314832062.us-central1.cloudfunctions.appspot.com/66bfc1ad-e2b7-4eee-87c1-02760ca4c5bf.zip [omitted]
[info] ✔  functions: functions source uploaded successfully 
[info] i  hosting[sticky-dcd20]: beginning deploy... 
[info] i  hosting[sticky-dcd20]: found 14 files in sticker_admin_web/dist 
[debug] [2026-03-26T12:11:42.568Z] [hosting] uploading with 200 concurrency
[debug] [2026-03-26T12:11:42.571Z] Checked if tokens are valid: true, expires at: 1774530673227
[debug] [2026-03-26T12:11:42.571Z] Checked if tokens are valid: true, expires at: 1774530673227
[debug] [2026-03-26T12:11:42.572Z] [hosting] hash cache [c3RpY2tlcl9hZG1pbl93ZWIvZGlzdA] stored for 14 files
[debug] [2026-03-26T12:11:42.572Z] [hosting][hash queue][FINAL] {"max":1,"min":1,"avg":1,"active":0,"complete":14,"success":14,"errored":0,"retried":0,"total":14,"elapsed":3}
[debug] [2026-03-26T12:11:42.572Z] >>> [apiv2][query] POST https://firebasehosting.googleapis.com/v1beta1/projects/643314832062/sites/sticky-dcd20/versions/e7915a31ee448397:populateFiles [none]
[debug] [2026-03-26T12:11:42.572Z] >>> [apiv2][body] POST https://firebasehosting.googleapis.com/v1beta1/projects/643314832062/sites/sticky-dcd20/versions/e7915a31ee448397:populateFiles {"files":{"/vite.svg":"9de4d3c4e50257d9874f07e9efc929efefc85e51f931a9af716f9a7ebb23ef68","/logo.png":"43f481f381aef4e6709b1aa00d012a22ed0e96986bc79cec24e66958664e6cc3","/index.html":"e8e7ab57ec3baf32b4787b0a64f2f02e62602e3c13280849690142219ccb53f1","/favicon.svg":"80c28970c828a5b507cc882a44fa4a0f1aa48428b5e0ae3389561f04cd0dcff7","/favicon.ico":"6c825c4a75643f2dd385b64b275700a77ec09fccbdc37d73d4d3200ce97dfb9f","/coi-serviceworker.js":"0976f4e82e840355a2930577d3b051f5788ad9c67498d20c9eba1c8a663fee0a","/assets/worker-BAOIWoxA.js":"8803000da56e6296c3d7b2c8a76d2e60c3c5a0a3e840d1cd728b369e66dc0cf2","/assets/ort.webgpu.bundle.min-CElWvg4j.js":"9932b4c0f7907661e20adc9a075e4faca3dcb49b1127ead8260aadccb2ce2a47","/assets/ort.webgpu.bundle.min-CEayb2S6.mjs":"441ff3644dfae753e56d97cff1fdd0f1751dddbc6872e8f31cf97e692f7ebc7a","/assets/ort.bundle.min-OfoG_cy9.mjs":"36640ae603ae7a49f2482f04a300d73b2c2f136880fdf6415bf1a9d705ae9873","/assets/ort.bundle.min-DAXuwjBG.js":"d383c3f18952c5d4e4ba425216a6ca75348bd1e75eb11c559b77b3eb1be52d0d","/assets/ort-wasm-simd-threaded.jsep-D5Jk56-t.wasm":"f4085ff42fe76004701881e7f970211446d1b99e1255265387b9bf50c37d3a5b","/assets/index-DOukUE2n.js":"6bf63ce984605e0d7f817b7b0fc8c464cf663335024bbf7d4fa7c9e56637048f","/assets/index-BGsSuDk6.css":"725a28ff3ed25eb534c88b0710b96fae350cc02911bd456a65f30612c6b815c4"}}
[debug] [2026-03-26T12:11:43.548Z] <<< [apiv2][status] POST https://firebasehosting.googleapis.com/v1beta1/projects/643314832062/sites/sticky-dcd20/versions/e7915a31ee448397:populateFiles 200
[debug] [2026-03-26T12:11:43.548Z] <<< [apiv2][body] POST https://firebasehosting.googleapis.com/v1beta1/projects/643314832062/sites/sticky-dcd20/versions/e7915a31ee448397:populateFiles {"uploadUrl":"https://upload-firebasehosting.googleapis.com/upload/sites/sticky-dcd20/versions/e7915a31ee448397/files"}
[debug] [2026-03-26T12:11:43.548Z] [hosting][populate queue][FINAL] {"max":977,"min":977,"avg":977,"active":0,"complete":1,"success":1,"errored":0,"retried":0,"total":1,"elapsed":977}
[debug] [2026-03-26T12:11:43.548Z] [hosting] uploads queued: 0
[debug] [2026-03-26T12:11:43.548Z] [hosting][upload queue][FINAL] {"max":0,"min":9999999999,"avg":0,"active":0,"complete":0,"success":0,"errored":0,"retried":0,"total":0,"elapsed":1774527103548}
[info] ✔  hosting[sticky-dcd20]: file upload complete 
[debug] [2026-03-26T12:11:43.548Z] [hosting] deploy completed after 1001ms
[info] i  hosting[sticky-privacy-legal]: beginning deploy... 
[info] i  hosting[sticky-privacy-legal]: found 4 files in sticky-privacy 
[debug] [2026-03-26T12:11:43.550Z] [hosting] uploading with 200 concurrency
[debug] [2026-03-26T12:11:43.561Z] Checked if tokens are valid: true, expires at: 1774530673227
[debug] [2026-03-26T12:11:43.561Z] Checked if tokens are valid: true, expires at: 1774530673227
[debug] [2026-03-26T12:11:43.562Z] [hosting] hash cache [c3RpY2t5LXByaXZhY3k] stored for 4 files
[debug] [2026-03-26T12:11:43.562Z] [hosting][hash queue][FINAL] {"max":1,"min":0,"avg":0,"active":0,"complete":4,"success":4,"errored":0,"retried":0,"total":4,"elapsed":2}
[debug] [2026-03-26T12:11:43.562Z] >>> [apiv2][query] POST https://firebasehosting.googleapis.com/v1beta1/projects/643314832062/sites/sticky-privacy-legal/versions/4a8e5590a6f0045b:populateFiles [none]
[debug] [2026-03-26T12:11:43.562Z] >>> [apiv2][body] POST https://firebasehosting.googleapis.com/v1beta1/projects/643314832062/sites/sticky-privacy-legal/versions/4a8e5590a6f0045b:populateFiles {"files":{"/logo.png":"56de5c829068e74e602c8cea67cfe7f5ca7921df9ea52f736773a5ab60052633","/index.html":"9ddce254c1d5735d4e403806800968bc8a2a834d2d893206b07e862dc5274171","/app-ads.txt":"f3aa9d85644b641ec068626c8b158aefac18c2d88aea8be151edae83a9ff51c1","/README.md":"b1ab67dfcb671858d45dfaf9ab3e93df2021903f2f75f964fb9819e9ac3e462e"}}
[debug] [2026-03-26T12:11:44.789Z] <<< [apiv2][status] POST https://firebasehosting.googleapis.com/v1beta1/projects/643314832062/sites/sticky-privacy-legal/versions/4a8e5590a6f0045b:populateFiles 200
[debug] [2026-03-26T12:11:44.790Z] <<< [apiv2][body] POST https://firebasehosting.googleapis.com/v1beta1/projects/643314832062/sites/sticky-privacy-legal/versions/4a8e5590a6f0045b:populateFiles {"uploadUrl":"https://upload-firebasehosting.googleapis.com/upload/sites/sticky-privacy-legal/versions/4a8e5590a6f0045b/files"}
[debug] [2026-03-26T12:11:44.790Z] [hosting][populate queue][FINAL] {"max":1229,"min":1229,"avg":1229,"active":0,"complete":1,"success":1,"errored":0,"retried":0,"total":1,"elapsed":1229}
[debug] [2026-03-26T12:11:44.790Z] [hosting] uploads queued: 0
[debug] [2026-03-26T12:11:44.790Z] [hosting][upload queue][FINAL] {"max":0,"min":9999999999,"avg":0,"active":0,"complete":0,"success":0,"errored":0,"retried":0,"total":0,"elapsed":1774527104790}
[info] ✔  hosting[sticky-privacy-legal]: file upload complete 
[debug] [2026-03-26T12:11:44.790Z] [hosting] deploy completed after 1242ms
[info] i  functions: updating Node.js 20 (2nd Gen) function onStickerPackWrite(us-central1)... 
[info] i  functions: updating Node.js 20 (2nd Gen) function onPremiumStickerPackWrite(us-central1)... 
[info] i  functions: updating Node.js 20 (2nd Gen) function onManualNotificationCreated(us-central1)... 
[info] i  functions: updating Node.js 20 (2nd Gen) function giphyProxy(us-central1)... 
[info] i  functions: updating Node.js 20 (2nd Gen) function klipyProxy(us-central1)... 
[info] i  functions: updating Node.js 20 (2nd Gen) function telegramProxy(us-central1)... 
[info] i  functions: updating Node.js 20 (2nd Gen) function onUserSubmission(us-central1)... 
[info] i  functions: updating Node.js 20 (2nd Gen) function onContentReport(us-central1)... 
[debug] [2026-03-26T12:11:44.796Z] Checked if tokens are valid: true, expires at: 1774530673227
[debug] [2026-03-26T12:11:44.796Z] Checked if tokens are valid: true, expires at: 1774530673227
[debug] [2026-03-26T12:11:44.796Z] >>> [apiv2][query] PATCH https://cloudfunctions.googleapis.com/v2/projects/sticky-dcd20/locations/us-central1/functions/onStickerPackWrite updateMask=name%2CbuildConfig.runtime%2CbuildConfig.entryPoint%2CbuildConfig.source.storageSource.bucket%2CbuildConfig.source.storageSource.object%2CbuildConfig.environmentVariables%2CbuildConfig.sourceToken%2CserviceConfig.environmentVariables%2CserviceConfig.ingressSettings%2CserviceConfig.timeoutSeconds%2CserviceConfig.serviceAccountEmail%2CserviceConfig.availableMemory%2CserviceConfig.minInstanceCount%2CserviceConfig.maxInstanceCount%2CserviceConfig.maxInstanceRequestConcurrency%2CserviceConfig.availableCpu%2CserviceConfig.vpcConnector%2CserviceConfig.vpcConnectorEgressSettings%2Clabels%2CeventTrigger.eventType%2CeventTrigger.retryPolicy%2CeventTrigger.eventFilters%2CeventTrigger.triggerRegion
[debug] [2026-03-26T12:11:44.796Z] >>> [apiv2][body] PATCH https://cloudfunctions.googleapis.com/v2/projects/sticky-dcd20/locations/us-central1/functions/onStickerPackWrite {"name":"projects/sticky-dcd20/locations/us-central1/functions/onStickerPackWrite","buildConfig":{"runtime":"nodejs20","entryPoint":"onStickerPackWrite","source":{"storageSource":{"bucket":"gcf-v2-uploads-643314832062.us-central1.cloudfunctions.appspot.com","object":"66bfc1ad-e2b7-4eee-87c1-02760ca4c5bf.zip"}},"environmentVariables":{"GOOGLE_NODE_RUN_SCRIPTS":""}},"serviceConfig":{"environmentVariables":{"FIREBASE_CONFIG":"{\"projectId\":\"sticky-dcd20\",\"storageBucket\":\"sticky-dcd20.firebasestorage.app\"}","GCLOUD_PROJECT":"sticky-dcd20","EVENTARC_CLOUD_EVENT_SOURCE":"projects/sticky-dcd20/locations/us-central1/services/onStickerPackWrite","FUNCTION_SIGNATURE_TYPE":"cloudevent","FUNCTION_TARGET":"onStickerPackWrite","LOG_EXECUTION_ID":"true"},"ingressSettings":null,"timeoutSeconds":null,"serviceAccountEmail":null,"availableMemory":"256Mi","minInstanceCount":null,"maxInstanceCount":null,"maxInstanceRequestConcurrency":80,"availableCpu":"1","vpcConnector":null,"vpcConnectorEgressSettings":null},"labels":{"deployment-tool":"cli-firebase","firebase-functions-hash":"c81716b84a5254d0fb608eb97cdc5130fff53c4f"},"eventTrigger":{"eventType":"google.cloud.firestore.document.v1.written","retryPolicy":"RETRY_POLICY_DO_NOT_RETRY","eventFilters":[{"attribute":"database","value":"(default)"},{"attribute":"namespace","value":"(default)"},{"attribute":"document","value":"stickers/{packId}","operator":"match-path-pattern"}],"triggerRegion":"nam5"}}
[debug] [2026-03-26T12:11:46.649Z] <<< [apiv2][status] PATCH https://cloudfunctions.googleapis.com/v2/projects/sticky-dcd20/locations/us-central1/functions/onStickerPackWrite 200
[debug] [2026-03-26T12:11:46.649Z] <<< [apiv2][body] PATCH https://cloudfunctions.googleapis.com/v2/projects/sticky-dcd20/locations/us-central1/functions/onStickerPackWrite {"name":"projects/sticky-dcd20/locations/us-central1/operations/operation-1774527105483-64dec49c44305-97326b04-3aa3010a","metadata":{"@type":"type.googleapis.com/google.cloud.functions.v2.OperationMetadata","createTime":"2026-03-26T12:11:46.531545170Z","target":"projects/sticky-dcd20/locations/us-central1/functions/onStickerPackWrite","verb":"update","cancelRequested":false,"apiVersion":"v2"},"done":false}
[debug] [2026-03-26T12:11:46.650Z] Checked if tokens are valid: true, expires at: 1774530673227
[debug] [2026-03-26T12:11:46.650Z] Checked if tokens are valid: true, expires at: 1774530673227
[debug] [2026-03-26T12:11:46.650Z] >>> [apiv2][query] GET https://cloudfunctions.googleapis.com/v2/projects/sticky-dcd20/locations/us-central1/operations/operation-1774527105483-64dec49c44305-97326b04-3aa3010a [none]
[debug] [2026-03-26T12:11:47.428Z] <<< [apiv2][status] GET https://cloudfunctions.googleapis.com/v2/projects/sticky-dcd20/locations/us-central1/operations/operation-1774527105483-64dec49c44305-97326b04-3aa3010a 200
[debug] [2026-03-26T12:11:47.429Z] <<< [apiv2][body] GET https://cloudfunctions.googleapis.com/v2/projects/sticky-dcd20/locations/us-central1/operations/operation-1774527105483-64dec49c44305-97326b04-3aa3010a {"name":"projects/sticky-dcd20/locations/us-central1/operations/operation-1774527105483-64dec49c44305-97326b04-3aa3010a","metadata":{"@type":"type.googleapis.com/google.cloud.functions.v2.OperationMetadata","createTime":"2026-03-26T12:11:46.531545170Z","target":"projects/sticky-dcd20/locations/us-central1/functions/onStickerPackWrite","verb":"update","cancelRequested":false,"apiVersion":"v2","requestResource":{"@type":"type.googleapis.com/google.cloud.functions.v2.Function","name":"projects/sticky-dcd20/locations/us-central1/functions/onStickerPackWrite","buildConfig":{"runtime":"nodejs20","entryPoint":"onStickerPackWrite","source":{"storageSource":{"bucket":"gcf-v2-sources-643314832062-us-central1","object":"onStickerPackWrite/function-source.zip","generation":"1774527106463489"}},"environmentVariables":{"GOOGLE_NODE_RUN_SCRIPTS":""},"dockerRepository":"projects/sticky-dcd20/locations/us-central1/repositories/gcf-artifacts","sourceProvenance":{"resolvedStorageSource":{"bucket":"gcf-v2-sources-643314832062-us-central1","object":"onStickerPackWrite/function-source.zip","generation":"1774525367402150"}},"dockerRegistry":"ARTIFACT_REGISTRY","serviceAccount":"projects/sticky-dcd20/serviceAccounts/643314832062-compute@developer.gserviceaccount.com","automaticUpdatePolicy":{}},"serviceConfig":{"service":"projects/sticky-dcd20/locations/us-central1/services/onstickerpackwrite","timeoutSeconds":60,"environmentVariables":{"FIREBASE_CONFIG":"{\"projectId\":\"sticky-dcd20\",\"storageBucket\":\"sticky-dcd20.firebasestorage.app\"}","GCLOUD_PROJECT":"sticky-dcd20","EVENTARC_CLOUD_EVENT_SOURCE":"projects/sticky-dcd20/locations/us-central1/services/onStickerPackWrite","FUNCTION_SIGNATURE_TYPE":"cloudevent","FUNCTION_TARGET":"onStickerPackWrite","LOG_EXECUTION_ID":"true"},"ingressSettings":"ALLOW_ALL","uri":"https://onstickerpackwrite-esbyhf5csq-uc.a.run.app","serviceAccountEmail":"643314832062-compute@developer.gserviceaccount.com","availableMemory":"256Mi","allTrafficOnLatestRevision":true,"revision":"onstickerpackwrite-00002-sux","maxInstanceRequestConcurrency":80,"availableCpu":"1"},"eventTrigger":{"trigger":"projects/sticky-dcd20/locations/nam5/triggers/onstickerpackwrite-653197","triggerRegion":"nam5","eventType":"google.cloud.firestore.document.v1.written","eventFilters":[{"attribute":"database","value":"(default)"},{"attribute":"namespace","value":"(default)"},{"attribute":"document","value":"stickers/{packId}","operator":"match-path-pattern"}],"pubsubTopic":"projects/sticky-dcd20/topics/eventarc-nam5-onstickerpackwrite-653197-536","serviceAccountEmail":"643314832062-compute@developer.gserviceaccount.com","retryPolicy":"RETRY_POLICY_DO_NOT_RETRY"},"state":"ACTIVE","labels":{"deployment-tool":"cli-firebase","firebase-functions-hash":"c81716b84a5254d0fb608eb97cdc5130fff53c4f"},"environment":"GEN_2","url":"https://us-central1-sticky-dcd20.cloudfunctions.net/onStickerPackWrite","satisfiesPzi":true},"stages":[{"name":"BUILD","message":"Creating build","state":"IN_PROGRESS","resource":"projects/643314832062/locations/us-central1/builds/d889575a-a9dc-487f-af3e-aa52ca715e63","resourceUri":"https://console.cloud.google.com/cloud-build/builds;region=us-central1/d889575a-a9dc-487f-af3e-aa52ca715e63?project=643314832062"},{"name":"SERVICE","state":"NOT_STARTED"},{"name":"TRIGGER","state":"NOT_STARTED"}],"operationType":"UPDATE_FUNCTION","buildName":"projects/643314832062/locations/us-central1/builds/d889575a-a9dc-487f-af3e-aa52ca715e63"},"done":false}
[debug] [2026-03-26T12:11:47.930Z] [update-default-us-central1-onStickerPackWrite] Retrying task index 0
[debug] [2026-03-26T12:11:47.930Z] Checked if tokens are valid: true, expires at: 1774530673227
[debug] [2026-03-26T12:11:47.930Z] Checked if tokens are valid: true, expires at: 1774530673227
[debug] [2026-03-26T12:11:47.930Z] >>> [apiv2][query] GET https://cloudfunctions.googleapis.com/v2/projects/sticky-dcd20/locations/us-central1/operations/operation-1774527105483-64dec49c44305-97326b04-3aa3010a [none]
[debug] [2026-03-26T12:11:48.813Z] <<< [apiv2][status] GET https://cloudfunctions.googleapis.com/v2/projects/sticky-dcd20/locations/us-central1/operations/operation-1774527105483-64dec49c44305-97326b04-3aa3010a 200
[debug] [2026-03-26T12:11:48.813Z] <<< [apiv2][body] GET https://cloudfunctions.googleapis.com/v2/projects/sticky-dcd20/locations/us-central1/operations/operation-1774527105483-64dec49c44305-97326b04-3aa3010a {"name":"projects/sticky-dcd20/locations/us-central1/operations/operation-1774527105483-64dec49c44305-97326b04-3aa3010a","metadata":{"@type":"type.googleapis.com/google.cloud.functions.v2.OperationMetadata","createTime":"2026-03-26T12:11:46.531545170Z","target":"projects/sticky-dcd20/locations/us-central1/functions/onStickerPackWrite","verb":"update","cancelRequested":false,"apiVersion":"v2","requestResource":{"@type":"type.googleapis.com/google.cloud.functions.v2.Function","name":"projects/sticky-dcd20/locations/us-central1/functions/onStickerPackWrite","buildConfig":{"runtime":"nodejs20","entryPoint":"onStickerPackWrite","source":{"storageSource":{"bucket":"gcf-v2-sources-643314832062-us-central1","object":"onStickerPackWrite/function-source.zip","generation":"1774527106463489"}},"environmentVariables":{"GOOGLE_NODE_RUN_SCRIPTS":""},"dockerRepository":"projects/sticky-dcd20/locations/us-central1/repositories/gcf-artifacts","sourceProvenance":{"resolvedStorageSource":{"bucket":"gcf-v2-sources-643314832062-us-central1","object":"onStickerPackWrite/function-source.zip","generation":"1774525367402150"}},"dockerRegistry":"ARTIFACT_REGISTRY","serviceAccount":"projects/sticky-dcd20/serviceAccounts/643314832062-compute@developer.gserviceaccount.com","automaticUpdatePolicy":{}},"serviceConfig":{"service":"projects/sticky-dcd20/locations/us-central1/services/onstickerpackwrite","timeoutSeconds":60,"environmentVariables":{"FIREBASE_CONFIG":"{\"projectId\":\"sticky-dcd20\",\"storageBucket\":\"sticky-dcd20.firebasestorage.app\"}","GCLOUD_PROJECT":"sticky-dcd20","EVENTARC_CLOUD_EVENT_SOURCE":"projects/sticky-dcd20/locations/us-central1/services/onStickerPackWrite","FUNCTION_SIGNATURE_TYPE":"cloudevent","FUNCTION_TARGET":"onStickerPackWrite","LOG_EXECUTION_ID":"true"},"ingressSettings":"ALLOW_ALL","uri":"https://onstickerpackwrite-esbyhf5csq-uc.a.run.app","serviceAccountEmail":"643314832062-compute@developer.gserviceaccount.com","availableMemory":"256Mi","allTrafficOnLatestRevision":true,"revision":"onstickerpackwrite-00002-sux","maxInstanceRequestConcurrency":80,"availableCpu":"1"},"eventTrigger":{"trigger":"projects/sticky-dcd20/locations/nam5/triggers/onstickerpackwrite-653197","triggerRegion":"nam5","eventType":"google.cloud.firestore.document.v1.written","eventFilters":[{"attribute":"database","value":"(default)"},{"attribute":"namespace","value":"(default)"},{"attribute":"document","value":"stickers/{packId}","operator":"match-path-pattern"}],"pubsubTopic":"projects/sticky-dcd20/topics/eventarc-nam5-onstickerpackwrite-653197-536","serviceAccountEmail":"643314832062-compute@developer.gserviceaccount.com","retryPolicy":"RETRY_POLICY_DO_NOT_RETRY"},"state":"ACTIVE","labels":{"deployment-tool":"cli-firebase","firebase-functions-hash":"c81716b84a5254d0fb608eb97cdc5130fff53c4f"},"environment":"GEN_2","url":"https://us-central1-sticky-dcd20.cloudfunctions.net/onStickerPackWrite","satisfiesPzi":true},"stages":[{"name":"BUILD","message":"Build in progress","state":"IN_PROGRESS","resource":"projects/643314832062/locations/us-central1/builds/d889575a-a9dc-487f-af3e-aa52ca715e63","resourceUri":"https://console.cloud.google.com/cloud-build/builds;region=us-central1/d889575a-a9dc-487f-af3e-aa52ca715e63?project=643314832062"},{"name":"SERVICE","state":"NOT_STARTED"},{"name":"TRIGGER","state":"NOT_STARTED"}],"operationType":"UPDATE_FUNCTION","buildName":"projects/643314832062/locations/us-central1/builds/d889575a-a9dc-487f-af3e-aa52ca715e63"},"done":false}
[debug] [2026-03-26T12:11:49.813Z] [update-default-us-central1-onStickerPackWrite] Retrying task index 0
[debug] [2026-03-26T12:11:49.814Z] Checked if tokens are valid: true, expires at: 1774530673227
[debug] [2026-03-26T12:11:49.814Z] Checked if tokens are valid: true, expires at: 1774530673227
[debug] [2026-03-26T12:11:49.814Z] >>> [apiv2][query] GET https://cloudfunctions.googleapis.com/v2/projects/sticky-dcd20/locations/us-central1/operations/operation-1774527105483-64dec49c44305-97326b04-3aa3010a [none]
[debug] [2026-03-26T12:11:50.051Z] <<< [apiv2][status] GET https://cloudfunctions.googleapis.com/v2/projects/sticky-dcd20/locations/us-central1/operations/operation-1774527105483-64dec49c44305-97326b04-3aa3010a 200
[debug] [2026-03-26T12:11:50.052Z] <<< [apiv2][body] GET https://cloudfunctions.googleapis.com/v2/projects/sticky-dcd20/locations/us-central1/operations/operation-1774527105483-64dec49c44305-97326b04-3aa3010a {"name":"projects/sticky-dcd20/locations/us-central1/operations/operation-1774527105483-64dec49c44305-97326b04-3aa3010a","metadata":{"@type":"type.googleapis.com/google.cloud.functions.v2.OperationMetadata","createTime":"2026-03-26T12:11:46.531545170Z","target":"projects/sticky-dcd20/locations/us-central1/functions/onStickerPackWrite","verb":"update","cancelRequested":false,"apiVersion":"v2","requestResource":{"@type":"type.googleapis.com/google.cloud.functions.v2.Function","name":"projects/sticky-dcd20/locations/us-central1/functions/onStickerPackWrite","buildConfig":{"runtime":"nodejs20","entryPoint":"onStickerPackWrite","source":{"storageSource":{"bucket":"gcf-v2-sources-643314832062-us-central1","object":"onStickerPackWrite/function-source.zip","generation":"1774527106463489"}},"environmentVariables":{"GOOGLE_NODE_RUN_SCRIPTS":""},"dockerRepository":"projects/sticky-dcd20/locations/us-central1/repositories/gcf-artifacts","sourceProvenance":{"resolvedStorageSource":{"bucket":"gcf-v2-sources-643314832062-us-central1","object":"onStickerPackWrite/function-source.zip","generation":"1774525367402150"}},"dockerRegistry":"ARTIFACT_REGISTRY","serviceAccount":"projects/sticky-dcd20/serviceAccounts/643314832062-compute@developer.gserviceaccount.com","automaticUpdatePolicy":{}},"serviceConfig":{"service":"projects/sticky-dcd20/locations/us-central1/services/onstickerpackwrite","timeoutSeconds":60,"environmentVariables":{"FIREBASE_CONFIG":"{\"projectId\":\"sticky-dcd20\",\"storageBucket\":\"sticky-dcd20.firebasestorage.app\"}","GCLOUD_PROJECT":"sticky-dcd20","EVENTARC_CLOUD_EVENT_SOURCE":"projects/sticky-dcd20/locations/us-central1/services/onStickerPackWrite","FUNCTION_SIGNATURE_TYPE":"cloudevent","FUNCTION_TARGET":"onStickerPackWrite","LOG_EXECUTION_ID":"true"},"ingressSettings":"ALLOW_ALL","uri":"https://onstickerpackwrite-esbyhf5csq-uc.a.run.app","serviceAccountEmail":"643314832062-compute@developer.gserviceaccount.com","availableMemory":"256Mi","allTrafficOnLatestRevision":true,"revision":"onstickerpackwrite-00002-sux","maxInstanceRequestConcurrency":80,"availableCpu":"1"},"eventTrigger":{"trigger":"projects/sticky-dcd20/locations/nam5/triggers/onstickerpackwrite-653197","triggerRegion":"nam5","eventType":"google.cloud.firestore.document.v1.written","eventFilters":[{"attribute":"database","value":"(default)"},{"attribute":"namespace","value":"(default)"},{"attribute":"document","value":"stickers/{packId}","operator":"match-path-pattern"}],"pubsubTopic":"projects/sticky-dcd20/topics/eventarc-nam5-onstickerpackwrite-653197-536","serviceAccountEmail":"643314832062-compute@developer.gserviceaccount.com","retryPolicy":"RETRY_POLICY_DO_NOT_RETRY"},"state":"ACTIVE","labels":{"deployment-tool":"cli-firebase","firebase-functions-hash":"c81716b84a5254d0fb608eb97cdc5130fff53c4f"},"environment":"GEN_2","url":"https://us-central1-sticky-dcd20.cloudfunctions.net/onStickerPackWrite","satisfiesPzi":true},"stages":[{"name":"BUILD","message":"Build in progress","state":"IN_PROGRESS","resource":"projects/643314832062/locations/us-central1/builds/d889575a-a9dc-487f-af3e-aa52ca715e63","resourceUri":"https://console.cloud.google.com/cloud-build/builds;region=us-central1/d889575a-a9dc-487f-af3e-aa52ca715e63?project=643314832062"},{"name":"SERVICE","state":"NOT_STARTED"},{"name":"TRIGGER","state":"NOT_STARTED"}],"operationType":"UPDATE_FUNCTION","buildName":"projects/643314832062/locations/us-central1/builds/d889575a-a9dc-487f-af3e-aa52ca715e63"},"done":false}
[debug] [2026-03-26T12:11:52.053Z] [update-default-us-central1-onStickerPackWrite] Retrying task index 0
[debug] [2026-03-26T12:11:52.053Z] Checked if tokens are valid: true, expires at: 1774530673227
[debug] [2026-03-26T12:11:52.053Z] Checked if tokens are valid: true, expires at: 1774530673227
[debug] [2026-03-26T12:11:52.053Z] >>> [apiv2][query] GET https://cloudfunctions.googleapis.com/v2/projects/sticky-dcd20/locations/us-central1/operations/operation-1774527105483-64dec49c44305-97326b04-3aa3010a [none]
[debug] [2026-03-26T12:11:52.391Z] <<< [apiv2][status] GET https://cloudfunctions.googleapis.com/v2/projects/sticky-dcd20/locations/us-central1/operations/operation-1774527105483-64dec49c44305-97326b04-3aa3010a 200
[debug] [2026-03-26T12:11:52.391Z] <<< [apiv2][body] GET https://cloudfunctions.googleapis.com/v2/projects/sticky-dcd20/locations/us-central1/operations/operation-1774527105483-64dec49c44305-97326b04-3aa3010a {"name":"projects/sticky-dcd20/locations/us-central1/operations/operation-1774527105483-64dec49c44305-97326b04-3aa3010a","metadata":{"@type":"type.googleapis.com/google.cloud.functions.v2.OperationMetadata","createTime":"2026-03-26T12:11:46.531545170Z","target":"projects/sticky-dcd20/locations/us-central1/functions/onStickerPackWrite","verb":"update","cancelRequested":false,"apiVersion":"v2","requestResource":{"@type":"type.googleapis.com/google.cloud.functions.v2.Function","name":"projects/sticky-dcd20/locations/us-central1/functions/onStickerPackWrite","buildConfig":{"runtime":"nodejs20","entryPoint":"onStickerPackWrite","source":{"storageSource":{"bucket":"gcf-v2-sources-643314832062-us-central1","object":"onStickerPackWrite/function-source.zip","generation":"1774527106463489"}},"environmentVariables":{"GOOGLE_NODE_RUN_SCRIPTS":""},"dockerRepository":"projects/sticky-dcd20/locations/us-central1/repositories/gcf-artifacts","sourceProvenance":{"resolvedStorageSource":{"bucket":"gcf-v2-sources-643314832062-us-central1","object":"onStickerPackWrite/function-source.zip","generation":"1774525367402150"}},"dockerRegistry":"ARTIFACT_REGISTRY","serviceAccount":"projects/sticky-dcd20/serviceAccounts/643314832062-compute@developer.gserviceaccount.com","automaticUpdatePolicy":{}},"serviceConfig":{"service":"projects/sticky-dcd20/locations/us-central1/services/onstickerpackwrite","timeoutSeconds":60,"environmentVariables":{"FIREBASE_CONFIG":"{\"projectId\":\"sticky-dcd20\",\"storageBucket\":\"sticky-dcd20.firebasestorage.app\"}","GCLOUD_PROJECT":"sticky-dcd20","EVENTARC_CLOUD_EVENT_SOURCE":"projects/sticky-dcd20/locations/us-central1/services/onStickerPackWrite","FUNCTION_SIGNATURE_TYPE":"cloudevent","FUNCTION_TARGET":"onStickerPackWrite","LOG_EXECUTION_ID":"true"},"ingressSettings":"ALLOW_ALL","uri":"https://onstickerpackwrite-esbyhf5csq-uc.a.run.app","serviceAccountEmail":"643314832062-compute@developer.gserviceaccount.com","availableMemory":"256Mi","allTrafficOnLatestRevision":true,"revision":"onstickerpackwrite-00002-sux","maxInstanceRequestConcurrency":80,"availableCpu":"1"},"eventTrigger":{"trigger":"projects/sticky-dcd20/locations/nam5/triggers/onstickerpackwrite-653197","triggerRegion":"nam5","eventType":"google.cloud.firestore.document.v1.written","eventFilters":[{"attribute":"database","value":"(default)"},{"attribute":"namespace","value":"(default)"},{"attribute":"document","value":"stickers/{packId}","operator":"match-path-pattern"}],"pubsubTopic":"projects/sticky-dcd20/topics/eventarc-nam5-onstickerpackwrite-653197-536","serviceAccountEmail":"643314832062-compute@developer.gserviceaccount.com","retryPolicy":"RETRY_POLICY_DO_NOT_RETRY"},"state":"ACTIVE","labels":{"deployment-tool":"cli-firebase","firebase-functions-hash":"c81716b84a5254d0fb608eb97cdc5130fff53c4f"},"environment":"GEN_2","url":"https://us-central1-sticky-dcd20.cloudfunctions.net/onStickerPackWrite","satisfiesPzi":true},"stages":[{"name":"BUILD","message":"Build in progress","state":"IN_PROGRESS","resource":"projects/643314832062/locations/us-central1/builds/d889575a-a9dc-487f-af3e-aa52ca715e63","resourceUri":"https://console.cloud.google.com/cloud-build/builds;region=us-central1/d889575a-a9dc-487f-af3e-aa52ca715e63?project=643314832062"},{"name":"SERVICE","state":"NOT_STARTED"},{"name":"TRIGGER","state":"NOT_STARTED"}],"operationType":"UPDATE_FUNCTION","buildName":"projects/643314832062/locations/us-central1/builds/d889575a-a9dc-487f-af3e-aa52ca715e63"},"done":false}
[debug] [2026-03-26T12:11:56.394Z] [update-default-us-central1-onStickerPackWrite] Retrying task index 0
[debug] [2026-03-26T12:11:56.394Z] Checked if tokens are valid: true, expires at: 1774530673227
[debug] [2026-03-26T12:11:56.394Z] Checked if tokens are valid: true, expires at: 1774530673227
[debug] [2026-03-26T12:11:56.394Z] >>> [apiv2][query] GET https://cloudfunctions.googleapis.com/v2/projects/sticky-dcd20/locations/us-central1/operations/operation-1774527105483-64dec49c44305-97326b04-3aa3010a [none]
[debug] [2026-03-26T12:11:57.182Z] <<< [apiv2][status] GET https://cloudfunctions.googleapis.com/v2/projects/sticky-dcd20/locations/us-central1/operations/operation-1774527105483-64dec49c44305-97326b04-3aa3010a 200
[debug] [2026-03-26T12:11:57.182Z] <<< [apiv2][body] GET https://cloudfunctions.googleapis.com/v2/projects/sticky-dcd20/locations/us-central1/operations/operation-1774527105483-64dec49c44305-97326b04-3aa3010a {"name":"projects/sticky-dcd20/locations/us-central1/operations/operation-1774527105483-64dec49c44305-97326b04-3aa3010a","metadata":{"@type":"type.googleapis.com/google.cloud.functions.v2.OperationMetadata","createTime":"2026-03-26T12:11:46.531545170Z","target":"projects/sticky-dcd20/locations/us-central1/functions/onStickerPackWrite","verb":"update","cancelRequested":false,"apiVersion":"v2","requestResource":{"@type":"type.googleapis.com/google.cloud.functions.v2.Function","name":"projects/sticky-dcd20/locations/us-central1/functions/onStickerPackWrite","buildConfig":{"runtime":"nodejs20","entryPoint":"onStickerPackWrite","source":{"storageSource":{"bucket":"gcf-v2-sources-643314832062-us-central1","object":"onStickerPackWrite/function-source.zip","generation":"1774527106463489"}},"environmentVariables":{"GOOGLE_NODE_RUN_SCRIPTS":""},"dockerRepository":"projects/sticky-dcd20/locations/us-central1/repositories/gcf-artifacts","sourceProvenance":{"resolvedStorageSource":{"bucket":"gcf-v2-sources-643314832062-us-central1","object":"onStickerPackWrite/function-source.zip","generation":"1774525367402150"}},"dockerRegistry":"ARTIFACT_REGISTRY","serviceAccount":"projects/sticky-dcd20/serviceAccounts/643314832062-compute@developer.gserviceaccount.com","automaticUpdatePolicy":{}},"serviceConfig":{"service":"projects/sticky-dcd20/locations/us-central1/services/onstickerpackwrite","timeoutSeconds":60,"environmentVariables":{"FIREBASE_CONFIG":"{\"projectId\":\"sticky-dcd20\",\"storageBucket\":\"sticky-dcd20.firebasestorage.app\"}","GCLOUD_PROJECT":"sticky-dcd20","EVENTARC_CLOUD_EVENT_SOURCE":"projects/sticky-dcd20/locations/us-central1/services/onStickerPackWrite","FUNCTION_SIGNATURE_TYPE":"cloudevent","FUNCTION_TARGET":"onStickerPackWrite","LOG_EXECUTION_ID":"true"},"ingressSettings":"ALLOW_ALL","uri":"https://onstickerpackwrite-esbyhf5csq-uc.a.run.app","serviceAccountEmail":"643314832062-compute@developer.gserviceaccount.com","availableMemory":"256Mi","allTrafficOnLatestRevision":true,"revision":"onstickerpackwrite-00002-sux","maxInstanceRequestConcurrency":80,"availableCpu":"1"},"eventTrigger":{"trigger":"projects/sticky-dcd20/locations/nam5/triggers/onstickerpackwrite-653197","triggerRegion":"nam5","eventType":"google.cloud.firestore.document.v1.written","eventFilters":[{"attribute":"database","value":"(default)"},{"attribute":"namespace","value":"(default)"},{"attribute":"document","value":"stickers/{packId}","operator":"match-path-pattern"}],"pubsubTopic":"projects/sticky-dcd20/topics/eventarc-nam5-onstickerpackwrite-653197-536","serviceAccountEmail":"643314832062-compute@developer.gserviceaccount.com","retryPolicy":"RETRY_POLICY_DO_NOT_RETRY"},"state":"ACTIVE","labels":{"deployment-tool":"cli-firebase","firebase-functions-hash":"c81716b84a5254d0fb608eb97cdc5130fff53c4f"},"environment":"GEN_2","url":"https://us-central1-sticky-dcd20.cloudfunctions.net/onStickerPackWrite","satisfiesPzi":true},"stages":[{"name":"BUILD","message":"Build in progress","state":"IN_PROGRESS","resource":"projects/643314832062/locations/us-central1/builds/d889575a-a9dc-487f-af3e-aa52ca715e63","resourceUri":"https://console.cloud.google.com/cloud-build/builds;region=us-central1/d889575a-a9dc-487f-af3e-aa52ca715e63?project=643314832062"},{"name":"SERVICE","state":"NOT_STARTED"},{"name":"TRIGGER","state":"NOT_STARTED"}],"operationType":"UPDATE_FUNCTION","buildName":"projects/643314832062/locations/us-central1/builds/d889575a-a9dc-487f-af3e-aa52ca715e63"},"done":false}
[debug] [2026-03-26T12:12:05.185Z] [update-default-us-central1-onStickerPackWrite] Retrying task index 0
[debug] [2026-03-26T12:12:05.185Z] Checked if tokens are valid: true, expires at: 1774530673227
[debug] [2026-03-26T12:12:05.185Z] Checked if tokens are valid: true, expires at: 1774530673227
[debug] [2026-03-26T12:12:05.185Z] >>> [apiv2][query] GET https://cloudfunctions.googleapis.com/v2/projects/sticky-dcd20/locations/us-central1/operations/operation-1774527105483-64dec49c44305-97326b04-3aa3010a [none]
[debug] [2026-03-26T12:12:05.498Z] <<< [apiv2][status] GET https://cloudfunctions.googleapis.com/v2/projects/sticky-dcd20/locations/us-central1/operations/operation-1774527105483-64dec49c44305-97326b04-3aa3010a 200
[debug] [2026-03-26T12:12:05.498Z] <<< [apiv2][body] GET https://cloudfunctions.googleapis.com/v2/projects/sticky-dcd20/locations/us-central1/operations/operation-1774527105483-64dec49c44305-97326b04-3aa3010a {"name":"projects/sticky-dcd20/locations/us-central1/operations/operation-1774527105483-64dec49c44305-97326b04-3aa3010a","metadata":{"@type":"type.googleapis.com/google.cloud.functions.v2.OperationMetadata","createTime":"2026-03-26T12:11:46.531545170Z","target":"projects/sticky-dcd20/locations/us-central1/functions/onStickerPackWrite","verb":"update","cancelRequested":false,"apiVersion":"v2","requestResource":{"@type":"type.googleapis.com/google.cloud.functions.v2.Function","name":"projects/sticky-dcd20/locations/us-central1/functions/onStickerPackWrite","buildConfig":{"runtime":"nodejs20","entryPoint":"onStickerPackWrite","source":{"storageSource":{"bucket":"gcf-v2-sources-643314832062-us-central1","object":"onStickerPackWrite/function-source.zip","generation":"1774527106463489"}},"environmentVariables":{"GOOGLE_NODE_RUN_SCRIPTS":""},"dockerRepository":"projects/sticky-dcd20/locations/us-central1/repositories/gcf-artifacts","sourceProvenance":{"resolvedStorageSource":{"bucket":"gcf-v2-sources-643314832062-us-central1","object":"onStickerPackWrite/function-source.zip","generation":"1774525367402150"}},"dockerRegistry":"ARTIFACT_REGISTRY","serviceAccount":"projects/sticky-dcd20/serviceAccounts/643314832062-compute@developer.gserviceaccount.com","automaticUpdatePolicy":{}},"serviceConfig":{"service":"projects/sticky-dcd20/locations/us-central1/services/onstickerpackwrite","timeoutSeconds":60,"environmentVariables":{"FIREBASE_CONFIG":"{\"projectId\":\"sticky-dcd20\",\"storageBucket\":\"sticky-dcd20.firebasestorage.app\"}","GCLOUD_PROJECT":"sticky-dcd20","EVENTARC_CLOUD_EVENT_SOURCE":"projects/sticky-dcd20/locations/us-central1/services/onStickerPackWrite","FUNCTION_SIGNATURE_TYPE":"cloudevent","FUNCTION_TARGET":"onStickerPackWrite","LOG_EXECUTION_ID":"true"},"ingressSettings":"ALLOW_ALL","uri":"https://onstickerpackwrite-esbyhf5csq-uc.a.run.app","serviceAccountEmail":"643314832062-compute@developer.gserviceaccount.com","availableMemory":"256Mi","allTrafficOnLatestRevision":true,"revision":"onstickerpackwrite-00002-sux","maxInstanceRequestConcurrency":80,"availableCpu":"1"},"eventTrigger":{"trigger":"projects/sticky-dcd20/locations/nam5/triggers/onstickerpackwrite-653197","triggerRegion":"nam5","eventType":"google.cloud.firestore.document.v1.written","eventFilters":[{"attribute":"database","value":"(default)"},{"attribute":"namespace","value":"(default)"},{"attribute":"document","value":"stickers/{packId}","operator":"match-path-pattern"}],"pubsubTopic":"projects/sticky-dcd20/topics/eventarc-nam5-onstickerpackwrite-653197-536","serviceAccountEmail":"643314832062-compute@developer.gserviceaccount.com","retryPolicy":"RETRY_POLICY_DO_NOT_RETRY"},"state":"ACTIVE","labels":{"deployment-tool":"cli-firebase","firebase-functions-hash":"c81716b84a5254d0fb608eb97cdc5130fff53c4f"},"environment":"GEN_2","url":"https://us-central1-sticky-dcd20.cloudfunctions.net/onStickerPackWrite","satisfiesPzi":true},"stages":[{"name":"BUILD","message":"Build in progress","state":"IN_PROGRESS","resource":"projects/643314832062/locations/us-central1/builds/d889575a-a9dc-487f-af3e-aa52ca715e63","resourceUri":"https://console.cloud.google.com/cloud-build/builds;region=us-central1/d889575a-a9dc-487f-af3e-aa52ca715e63?project=643314832062"},{"name":"SERVICE","state":"NOT_STARTED"},{"name":"TRIGGER","state":"NOT_STARTED"}],"operationType":"UPDATE_FUNCTION","buildName":"projects/643314832062/locations/us-central1/builds/d889575a-a9dc-487f-af3e-aa52ca715e63"},"done":false}
[debug] [2026-03-26T12:12:15.503Z] [update-default-us-central1-onStickerPackWrite] Retrying task index 0
[debug] [2026-03-26T12:12:15.503Z] Checked if tokens are valid: true, expires at: 1774530673227
[debug] [2026-03-26T12:12:15.503Z] Checked if tokens are valid: true, expires at: 1774530673227
[debug] [2026-03-26T12:12:15.503Z] >>> [apiv2][query] GET https://cloudfunctions.googleapis.com/v2/projects/sticky-dcd20/locations/us-central1/operations/operation-1774527105483-64dec49c44305-97326b04-3aa3010a [none]
[debug] [2026-03-26T12:12:16.392Z] <<< [apiv2][status] GET https://cloudfunctions.googleapis.com/v2/projects/sticky-dcd20/locations/us-central1/operations/operation-1774527105483-64dec49c44305-97326b04-3aa3010a 200
[debug] [2026-03-26T12:12:16.392Z] <<< [apiv2][body] GET https://cloudfunctions.googleapis.com/v2/projects/sticky-dcd20/locations/us-central1/operations/operation-1774527105483-64dec49c44305-97326b04-3aa3010a {"name":"projects/sticky-dcd20/locations/us-central1/operations/operation-1774527105483-64dec49c44305-97326b04-3aa3010a","metadata":{"@type":"type.googleapis.com/google.cloud.functions.v2.OperationMetadata","createTime":"2026-03-26T12:11:46.531545170Z","target":"projects/sticky-dcd20/locations/us-central1/functions/onStickerPackWrite","verb":"update","cancelRequested":false,"apiVersion":"v2","requestResource":{"@type":"type.googleapis.com/google.cloud.functions.v2.Function","name":"projects/sticky-dcd20/locations/us-central1/functions/onStickerPackWrite","buildConfig":{"runtime":"nodejs20","entryPoint":"onStickerPackWrite","source":{"storageSource":{"bucket":"gcf-v2-sources-643314832062-us-central1","object":"onStickerPackWrite/function-source.zip","generation":"1774527106463489"}},"environmentVariables":{"GOOGLE_NODE_RUN_SCRIPTS":""},"dockerRepository":"projects/sticky-dcd20/locations/us-central1/repositories/gcf-artifacts","sourceProvenance":{"resolvedStorageSource":{"bucket":"gcf-v2-sources-643314832062-us-central1","object":"onStickerPackWrite/function-source.zip","generation":"1774525367402150"}},"dockerRegistry":"ARTIFACT_REGISTRY","serviceAccount":"projects/sticky-dcd20/serviceAccounts/643314832062-compute@developer.gserviceaccount.com","automaticUpdatePolicy":{}},"serviceConfig":{"service":"projects/sticky-dcd20/locations/us-central1/services/onstickerpackwrite","timeoutSeconds":60,"environmentVariables":{"FIREBASE_CONFIG":"{\"projectId\":\"sticky-dcd20\",\"storageBucket\":\"sticky-dcd20.firebasestorage.app\"}","GCLOUD_PROJECT":"sticky-dcd20","EVENTARC_CLOUD_EVENT_SOURCE":"projects/sticky-dcd20/locations/us-central1/services/onStickerPackWrite","FUNCTION_SIGNATURE_TYPE":"cloudevent","FUNCTION_TARGET":"onStickerPackWrite","LOG_EXECUTION_ID":"true"},"ingressSettings":"ALLOW_ALL","uri":"https://onstickerpackwrite-esbyhf5csq-uc.a.run.app","serviceAccountEmail":"643314832062-compute@developer.gserviceaccount.com","availableMemory":"256Mi","allTrafficOnLatestRevision":true,"revision":"onstickerpackwrite-00002-sux","maxInstanceRequestConcurrency":80,"availableCpu":"1"},"eventTrigger":{"trigger":"projects/sticky-dcd20/locations/nam5/triggers/onstickerpackwrite-653197","triggerRegion":"nam5","eventType":"google.cloud.firestore.document.v1.written","eventFilters":[{"attribute":"database","value":"(default)"},{"attribute":"namespace","value":"(default)"},{"attribute":"document","value":"stickers/{packId}","operator":"match-path-pattern"}],"pubsubTopic":"projects/sticky-dcd20/topics/eventarc-nam5-onstickerpackwrite-653197-536","serviceAccountEmail":"643314832062-compute@developer.gserviceaccount.com","retryPolicy":"RETRY_POLICY_DO_NOT_RETRY"},"state":"ACTIVE","labels":{"deployment-tool":"cli-firebase","firebase-functions-hash":"c81716b84a5254d0fb608eb97cdc5130fff53c4f"},"environment":"GEN_2","url":"https://us-central1-sticky-dcd20.cloudfunctions.net/onStickerPackWrite","satisfiesPzi":true},"stages":[{"name":"BUILD","message":"Build in progress","state":"IN_PROGRESS","resource":"projects/643314832062/locations/us-central1/builds/d889575a-a9dc-487f-af3e-aa52ca715e63","resourceUri":"https://console.cloud.google.com/cloud-build/builds;region=us-central1/d889575a-a9dc-487f-af3e-aa52ca715e63?project=643314832062"},{"name":"SERVICE","state":"NOT_STARTED"},{"name":"TRIGGER","state":"NOT_STARTED"}],"operationType":"UPDATE_FUNCTION","buildName":"projects/643314832062/locations/us-central1/builds/d889575a-a9dc-487f-af3e-aa52ca715e63"},"done":false}
